,Method,TrainSize,Train/Test,Accuracy,Repeat ID
0,MCA,47,Train,0.6808510638297872,0
1,MCA,47,Test,0.5652173913043478,0
2,ACA,47,Train,1.0,0
3,ACA,47,Test,0.5217391304347826,0
4,FFI,47,Train,0.2127659574468085,0
5,FFI,47,Test,0.13043478260869565,0
6,AMCA,47,Train,1.0,0
7,AMCA,47,Test,0.5652173913043478,0
8,MCA,47,Train,0.6595744680851063,1
9,MCA,47,Test,0.6086956521739131,1
10,ACA,47,Train,1.0,1
11,ACA,47,Test,0.34782608695652173,1
12,FFI,47,Train,0.3191489361702128,1
13,FFI,47,Test,0.30434782608695654,1
14,AMCA,47,Train,1.0,1
15,AMCA,47,Test,0.391304347826087,1
16,MCA,47,Train,0.7659574468085106,2
17,MCA,47,Test,0.5217391304347826,2
18,ACA,47,Train,1.0,2
19,ACA,47,Test,0.34782608695652173,2
20,FFI,47,Train,0.2553191489361702,2
21,FFI,47,Test,0.13043478260869565,2
22,AMCA,47,Train,1.0,2
23,AMCA,47,Test,0.34782608695652173,2
24,MCA,47,Train,0.5957446808510638,3
25,MCA,47,Test,0.5217391304347826,3
26,ACA,47,Train,1.0,3
27,ACA,47,Test,0.6086956521739131,3
28,FFI,47,Train,0.19148936170212766,3
29,FFI,47,Test,0.13043478260869565,3
30,AMCA,47,Train,1.0,3
31,AMCA,47,Test,0.6086956521739131,3
32,MCA,47,Train,0.14893617021276595,4
33,MCA,47,Test,0.43478260869565216,4
34,ACA,47,Train,0.3191489361702128,4
35,ACA,47,Test,0.2608695652173913,4
36,FFI,47,Train,0.10638297872340426,4
37,FFI,47,Test,0.13043478260869565,4
38,AMCA,47,Train,0.3191489361702128,4
39,AMCA,47,Test,0.34782608695652173,4
40,MCA,47,Train,0.5531914893617021,5
41,MCA,47,Test,0.34782608695652173,5
42,ACA,47,Train,1.0,5
43,ACA,47,Test,0.5217391304347826,5
44,FFI,47,Train,0.23404255319148937,5
45,FFI,47,Test,0.13043478260869565,5
46,AMCA,47,Train,1.0,5
47,AMCA,47,Test,0.5652173913043478,5
48,MCA,47,Train,0.6382978723404256,6
49,MCA,47,Test,0.5217391304347826,6
50,ACA,47,Train,1.0,6
51,ACA,47,Test,0.43478260869565216,6
52,FFI,47,Train,0.23404255319148937,6
53,FFI,47,Test,0.08695652173913043,6
54,AMCA,47,Train,1.0,6
55,AMCA,47,Test,0.43478260869565216,6
56,MCA,47,Train,0.6595744680851063,7
57,MCA,47,Test,0.6086956521739131,7
58,ACA,47,Train,1.0,7
59,ACA,47,Test,0.43478260869565216,7
60,FFI,47,Train,0.2127659574468085,7
61,FFI,47,Test,0.17391304347826086,7
62,AMCA,47,Train,1.0,7
63,AMCA,47,Test,0.43478260869565216,7
64,MCA,47,Train,0.6595744680851063,8
65,MCA,47,Test,0.5652173913043478,8
66,ACA,47,Train,1.0,8
67,ACA,47,Test,0.391304347826087,8
68,FFI,47,Train,0.2978723404255319,8
69,FFI,47,Test,0.21739130434782608,8
70,AMCA,47,Train,1.0,8
71,AMCA,47,Test,0.391304347826087,8
72,MCA,47,Train,0.5957446808510638,9
73,MCA,47,Test,0.391304347826087,9
74,ACA,47,Train,1.0,9
75,ACA,47,Test,0.2608695652173913,9
76,FFI,47,Train,0.19148936170212766,9
77,FFI,47,Test,0.13043478260869565,9
78,AMCA,47,Train,1.0,9
79,AMCA,47,Test,0.2608695652173913,9
80,MCA,47,Train,0.48936170212765956,10
81,MCA,47,Test,0.34782608695652173,10
82,ACA,47,Train,1.0,10
83,ACA,47,Test,0.13043478260869565,10
84,FFI,47,Train,0.2127659574468085,10
85,FFI,47,Test,0.13043478260869565,10
86,AMCA,47,Train,1.0,10
87,AMCA,47,Test,0.13043478260869565,10
88,MCA,47,Train,0.723404255319149,11
89,MCA,47,Test,0.6521739130434783,11
90,ACA,47,Train,1.0,11
91,ACA,47,Test,0.43478260869565216,11
92,FFI,47,Train,0.14893617021276595,11
93,FFI,47,Test,0.08695652173913043,11
94,AMCA,47,Train,1.0,11
95,AMCA,47,Test,0.43478260869565216,11
96,MCA,47,Train,0.6382978723404256,12
97,MCA,47,Test,0.5652173913043478,12
98,ACA,47,Train,1.0,12
99,ACA,47,Test,0.5217391304347826,12
100,FFI,47,Train,0.1702127659574468,12
101,FFI,47,Test,0.08695652173913043,12
102,AMCA,47,Train,1.0,12
103,AMCA,47,Test,0.5217391304347826,12
104,MCA,47,Train,0.6595744680851063,13
105,MCA,47,Test,0.6086956521739131,13
106,ACA,47,Train,1.0,13
107,ACA,47,Test,0.34782608695652173,13
108,FFI,47,Train,0.1702127659574468,13
109,FFI,47,Test,0.08695652173913043,13
110,AMCA,47,Train,1.0,13
111,AMCA,47,Test,0.34782608695652173,13
112,MCA,47,Train,0.6170212765957447,14
113,MCA,47,Test,0.4782608695652174,14
114,ACA,47,Train,1.0,14
115,ACA,47,Test,0.5652173913043478,14
116,FFI,47,Train,0.14893617021276595,14
117,FFI,47,Test,0.08695652173913043,14
118,AMCA,47,Train,1.0,14
119,AMCA,47,Test,0.5652173913043478,14
120,MCA,64,Train,0.640625,0
121,MCA,64,Test,0.4782608695652174,0
122,ACA,64,Train,1.0,0
123,ACA,64,Test,0.5652173913043478,0
124,FFI,64,Train,0.296875,0
125,FFI,64,Test,0.2608695652173913,0
126,AMCA,64,Train,1.0,0
127,AMCA,64,Test,0.6521739130434783,0
128,MCA,64,Train,0.65625,1
129,MCA,64,Test,0.6086956521739131,1
130,ACA,64,Train,1.0,1
131,ACA,64,Test,0.34782608695652173,1
132,FFI,64,Train,0.265625,1
133,FFI,64,Test,0.13043478260869565,1
134,AMCA,64,Train,1.0,1
135,AMCA,64,Test,0.34782608695652173,1
136,MCA,64,Train,0.6875,2
137,MCA,64,Test,0.5217391304347826,2
138,ACA,64,Train,1.0,2
139,ACA,64,Test,0.34782608695652173,2
140,FFI,64,Train,0.203125,2
141,FFI,64,Test,0.08695652173913043,2
142,AMCA,64,Train,1.0,2
143,AMCA,64,Test,0.34782608695652173,2
144,MCA,64,Train,0.734375,3
145,MCA,64,Test,0.7391304347826086,3
146,ACA,64,Train,1.0,3
147,ACA,64,Test,0.6956521739130435,3
148,FFI,64,Train,0.203125,3
149,FFI,64,Test,0.13043478260869565,3
150,AMCA,64,Train,1.0,3
151,AMCA,64,Test,0.6956521739130435,3
152,MCA,64,Train,0.65625,4
153,MCA,64,Test,0.5217391304347826,4
154,ACA,64,Train,1.0,4
155,ACA,64,Test,0.2608695652173913,4
156,FFI,64,Train,0.265625,4
157,FFI,64,Test,0.21739130434782608,4
158,AMCA,64,Train,1.0,4
159,AMCA,64,Test,0.30434782608695654,4
160,MCA,64,Train,0.65625,5
161,MCA,64,Test,0.43478260869565216,5
162,ACA,64,Train,1.0,5
163,ACA,64,Test,0.5217391304347826,5
164,FFI,64,Train,0.25,5
165,FFI,64,Test,0.17391304347826086,5
166,AMCA,64,Train,1.0,5
167,AMCA,64,Test,0.5217391304347826,5
168,MCA,64,Train,0.625,6
169,MCA,64,Test,0.5217391304347826,6
170,ACA,64,Train,1.0,6
171,ACA,64,Test,0.43478260869565216,6
172,FFI,64,Train,0.203125,6
173,FFI,64,Test,0.13043478260869565,6
174,AMCA,64,Train,1.0,6
175,AMCA,64,Test,0.43478260869565216,6
176,MCA,64,Train,0.65625,7
177,MCA,64,Test,0.6086956521739131,7
178,ACA,64,Train,1.0,7
179,ACA,64,Test,0.5652173913043478,7
180,FFI,64,Train,0.1875,7
181,FFI,64,Test,0.13043478260869565,7
182,AMCA,64,Train,1.0,7
183,AMCA,64,Test,0.5652173913043478,7
184,MCA,64,Train,0.765625,8
185,MCA,64,Test,0.6956521739130435,8
186,ACA,64,Train,1.0,8
187,ACA,64,Test,0.5217391304347826,8
188,FFI,64,Train,0.25,8
189,FFI,64,Test,0.21739130434782608,8
190,AMCA,64,Train,1.0,8
191,AMCA,64,Test,0.5217391304347826,8
192,MCA,64,Train,0.578125,9
193,MCA,64,Test,0.43478260869565216,9
194,ACA,64,Train,1.0,9
195,ACA,64,Test,0.391304347826087,9
196,FFI,64,Train,0.21875,9
197,FFI,64,Test,0.13043478260869565,9
198,AMCA,64,Train,1.0,9
199,AMCA,64,Test,0.43478260869565216,9
200,MCA,64,Train,0.71875,10
201,MCA,64,Test,0.6956521739130435,10
202,ACA,64,Train,0.984375,10
203,ACA,64,Test,0.21739130434782608,10
204,FFI,64,Train,0.203125,10
205,FFI,64,Test,0.13043478260869565,10
206,AMCA,64,Train,1.0,10
207,AMCA,64,Test,0.21739130434782608,10
208,MCA,64,Train,0.609375,11
209,MCA,64,Test,0.5217391304347826,11
210,ACA,64,Train,1.0,11
211,ACA,64,Test,0.43478260869565216,11
212,FFI,64,Train,0.171875,11
213,FFI,64,Test,0.13043478260869565,11
214,AMCA,64,Train,1.0,11
215,AMCA,64,Test,0.43478260869565216,11
216,MCA,64,Train,0.65625,12
217,MCA,64,Test,0.6956521739130435,12
218,ACA,64,Train,1.0,12
219,ACA,64,Test,0.5652173913043478,12
220,FFI,64,Train,0.21875,12
221,FFI,64,Test,0.21739130434782608,12
222,AMCA,64,Train,1.0,12
223,AMCA,64,Test,0.6086956521739131,12
224,MCA,64,Train,0.6875,13
225,MCA,64,Test,0.6521739130434783,13
226,ACA,64,Train,1.0,13
227,ACA,64,Test,0.30434782608695654,13
228,FFI,64,Train,0.171875,13
229,FFI,64,Test,0.13043478260869565,13
230,AMCA,64,Train,1.0,13
231,AMCA,64,Test,0.34782608695652173,13
232,MCA,64,Train,0.640625,14
233,MCA,64,Test,0.5652173913043478,14
234,ACA,64,Train,1.0,14
235,ACA,64,Test,0.6086956521739131,14
236,FFI,64,Train,0.15625,14
237,FFI,64,Test,0.08695652173913043,14
238,AMCA,64,Train,1.0,14
239,AMCA,64,Test,0.6086956521739131,14
240,MCA,82,Train,0.6951219512195121,0
241,MCA,82,Test,0.5652173913043478,0
242,ACA,82,Train,1.0,0
243,ACA,82,Test,0.5652173913043478,0
244,FFI,82,Train,0.2682926829268293,0
245,FFI,82,Test,0.2608695652173913,0
246,AMCA,82,Train,1.0,0
247,AMCA,82,Test,0.5652173913043478,0
248,MCA,82,Train,0.6707317073170732,1
249,MCA,82,Test,0.6086956521739131,1
250,ACA,82,Train,0.9634146341463414,1
251,ACA,82,Test,0.5652173913043478,1
252,FFI,82,Train,0.2073170731707317,1
253,FFI,82,Test,0.08695652173913043,1
254,AMCA,82,Train,0.9878048780487805,1
255,AMCA,82,Test,0.6521739130434783,1
256,MCA,82,Train,0.7073170731707317,2
257,MCA,82,Test,0.6086956521739131,2
258,ACA,82,Train,0.975609756097561,2
259,ACA,82,Test,0.43478260869565216,2
260,FFI,82,Train,0.2804878048780488,2
261,FFI,82,Test,0.13043478260869565,2
262,AMCA,82,Train,1.0,2
263,AMCA,82,Test,0.4782608695652174,2
264,MCA,82,Train,0.6829268292682927,3
265,MCA,82,Test,0.6521739130434783,3
266,ACA,82,Train,1.0,3
267,ACA,82,Test,0.782608695652174,3
268,FFI,82,Train,0.18292682926829268,3
269,FFI,82,Test,0.13043478260869565,3
270,AMCA,82,Train,1.0,3
271,AMCA,82,Test,0.782608695652174,3
272,MCA,82,Train,0.6097560975609756,4
273,MCA,82,Test,0.4782608695652174,4
274,ACA,82,Train,1.0,4
275,ACA,82,Test,0.4782608695652174,4
276,FFI,82,Train,0.2682926829268293,4
277,FFI,82,Test,0.21739130434782608,4
278,AMCA,82,Train,1.0,4
279,AMCA,82,Test,0.4782608695652174,4
280,MCA,82,Train,0.573170731707317,5
281,MCA,82,Test,0.34782608695652173,5
282,ACA,82,Train,1.0,5
283,ACA,82,Test,0.5652173913043478,5
284,FFI,82,Train,0.34146341463414637,5
285,FFI,82,Test,0.17391304347826086,5
286,AMCA,82,Train,1.0,5
287,AMCA,82,Test,0.5652173913043478,5
288,MCA,82,Train,0.6097560975609756,6
289,MCA,82,Test,0.5652173913043478,6
290,ACA,82,Train,1.0,6
291,ACA,82,Test,0.4782608695652174,6
292,FFI,82,Train,0.24390243902439024,6
293,FFI,82,Test,0.21739130434782608,6
294,AMCA,82,Train,1.0,6
295,AMCA,82,Test,0.4782608695652174,6
296,MCA,82,Train,0.6463414634146342,7
297,MCA,82,Test,0.6086956521739131,7
298,ACA,82,Train,1.0,7
299,ACA,82,Test,0.6521739130434783,7
300,FFI,82,Train,0.17073170731707318,7
301,FFI,82,Test,0.13043478260869565,7
302,AMCA,82,Train,1.0,7
303,AMCA,82,Test,0.6521739130434783,7
304,MCA,82,Train,0.7195121951219512,8
305,MCA,82,Test,0.7391304347826086,8
306,ACA,82,Train,1.0,8
307,ACA,82,Test,0.5652173913043478,8
308,FFI,82,Train,0.2682926829268293,8
309,FFI,82,Test,0.21739130434782608,8
310,AMCA,82,Train,1.0,8
311,AMCA,82,Test,0.5652173913043478,8
312,MCA,82,Train,0.5975609756097561,9
313,MCA,82,Test,0.43478260869565216,9
314,ACA,82,Train,1.0,9
315,ACA,82,Test,0.5217391304347826,9
316,FFI,82,Train,0.3048780487804878,9
317,FFI,82,Test,0.21739130434782608,9
318,AMCA,82,Train,0.9878048780487805,9
319,AMCA,82,Test,0.5217391304347826,9
320,MCA,82,Train,0.6707317073170732,10
321,MCA,82,Test,0.6086956521739131,10
322,ACA,82,Train,0.9512195121951219,10
323,ACA,82,Test,0.21739130434782608,10
324,FFI,82,Train,0.23170731707317074,10
325,FFI,82,Test,0.21739130434782608,10
326,AMCA,82,Train,0.9878048780487805,10
327,AMCA,82,Test,0.2608695652173913,10
328,MCA,82,Train,0.7804878048780488,11
329,MCA,82,Test,0.8695652173913043,11
330,ACA,82,Train,1.0,11
331,ACA,82,Test,0.391304347826087,11
332,FFI,82,Train,0.14634146341463414,11
333,FFI,82,Test,0.17391304347826086,11
334,AMCA,82,Train,1.0,11
335,AMCA,82,Test,0.43478260869565216,11
336,MCA,82,Train,0.7317073170731707,12
337,MCA,82,Test,0.6956521739130435,12
338,ACA,82,Train,0.975609756097561,12
339,ACA,82,Test,0.4782608695652174,12
340,FFI,82,Train,0.1951219512195122,12
341,FFI,82,Test,0.08695652173913043,12
342,AMCA,82,Train,1.0,12
343,AMCA,82,Test,0.5217391304347826,12
344,MCA,82,Train,0.6707317073170732,13
345,MCA,82,Test,0.6086956521739131,13
346,ACA,82,Train,0.9634146341463414,13
347,ACA,82,Test,0.391304347826087,13
348,FFI,82,Train,0.23170731707317074,13
349,FFI,82,Test,0.13043478260869565,13
350,AMCA,82,Train,0.9878048780487805,13
351,AMCA,82,Test,0.43478260869565216,13
352,MCA,82,Train,0.6463414634146342,14
353,MCA,82,Test,0.5652173913043478,14
354,ACA,82,Train,0.975609756097561,14
355,ACA,82,Test,0.6521739130434783,14
356,FFI,82,Train,0.1951219512195122,14
357,FFI,82,Test,0.13043478260869565,14
358,AMCA,82,Train,0.9878048780487805,14
359,AMCA,82,Test,0.6521739130434783,14
360,MCA,99,Train,0.7070707070707071,0
361,MCA,99,Test,0.5652173913043478,0
362,ACA,99,Train,1.0,0
363,ACA,99,Test,0.6521739130434783,0
364,FFI,99,Train,0.1919191919191919,0
365,FFI,99,Test,0.13043478260869565,0
366,AMCA,99,Train,1.0,0
367,AMCA,99,Test,0.6521739130434783,0
368,MCA,99,Train,0.7070707070707071,1
369,MCA,99,Test,0.6956521739130435,1
370,ACA,99,Train,0.9090909090909091,1
371,ACA,99,Test,0.6521739130434783,1
372,FFI,99,Train,0.23232323232323232,1
373,FFI,99,Test,0.17391304347826086,1
374,AMCA,99,Train,0.9696969696969697,1
375,AMCA,99,Test,0.782608695652174,1
376,MCA,99,Train,0.6767676767676768,2
377,MCA,99,Test,0.6086956521739131,2
378,ACA,99,Train,1.0,2
379,ACA,99,Test,0.391304347826087,2
380,FFI,99,Train,0.31313131313131315,2
381,FFI,99,Test,0.2608695652173913,2
382,AMCA,99,Train,1.0,2
383,AMCA,99,Test,0.43478260869565216,2
384,MCA,99,Train,0.8181818181818182,3
385,MCA,99,Test,0.782608695652174,3
386,ACA,99,Train,0.9696969696969697,3
387,ACA,99,Test,0.782608695652174,3
388,FFI,99,Train,0.25252525252525254,3
389,FFI,99,Test,0.30434782608695654,3
390,AMCA,99,Train,1.0,3
391,AMCA,99,Test,0.782608695652174,3
392,MCA,99,Train,0.7676767676767676,4
393,MCA,99,Test,0.6521739130434783,4
394,ACA,99,Train,0.98989898989899,4
395,ACA,99,Test,0.4782608695652174,4
396,FFI,99,Train,0.26262626262626265,4
397,FFI,99,Test,0.17391304347826086,4
398,AMCA,99,Train,1.0,4
399,AMCA,99,Test,0.4782608695652174,4
400,MCA,99,Train,0.6868686868686869,5
401,MCA,99,Test,0.5652173913043478,5
402,ACA,99,Train,1.0,5
403,ACA,99,Test,0.6086956521739131,5
404,FFI,99,Train,0.3434343434343434,5
405,FFI,99,Test,0.21739130434782608,5
406,AMCA,99,Train,1.0,5
407,AMCA,99,Test,0.6956521739130435,5
408,MCA,99,Train,0.6464646464646465,6
409,MCA,99,Test,0.5652173913043478,6
410,ACA,99,Train,1.0,6
411,ACA,99,Test,0.6086956521739131,6
412,FFI,99,Train,0.2727272727272727,6
413,FFI,99,Test,0.21739130434782608,6
414,AMCA,99,Train,1.0,6
415,AMCA,99,Test,0.6521739130434783,6
416,MCA,99,Train,0.7171717171717171,7
417,MCA,99,Test,0.6086956521739131,7
418,ACA,99,Train,0.9797979797979798,7
419,ACA,99,Test,0.6086956521739131,7
420,FFI,99,Train,0.18181818181818182,7
421,FFI,99,Test,0.13043478260869565,7
422,AMCA,99,Train,1.0,7
423,AMCA,99,Test,0.6521739130434783,7
424,MCA,99,Train,0.6868686868686869,8
425,MCA,99,Test,0.6956521739130435,8
426,ACA,99,Train,0.98989898989899,8
427,ACA,99,Test,0.5652173913043478,8
428,FFI,99,Train,0.2727272727272727,8
429,FFI,99,Test,0.21739130434782608,8
430,AMCA,99,Train,1.0,8
431,AMCA,99,Test,0.6086956521739131,8
432,MCA,99,Train,0.8181818181818182,9
433,MCA,99,Test,0.6956521739130435,9
434,ACA,99,Train,0.9797979797979798,9
435,ACA,99,Test,0.5217391304347826,9
436,FFI,99,Train,0.29292929292929293,9
437,FFI,99,Test,0.17391304347826086,9
438,AMCA,99,Train,1.0,9
439,AMCA,99,Test,0.5217391304347826,9
440,MCA,99,Train,0.7070707070707071,10
441,MCA,99,Test,0.6086956521739131,10
442,ACA,99,Train,0.9292929292929293,10
443,ACA,99,Test,0.30434782608695654,10
444,FFI,99,Train,0.1919191919191919,10
445,FFI,99,Test,0.21739130434782608,10
446,AMCA,99,Train,0.9797979797979798,10
447,AMCA,99,Test,0.43478260869565216,10
448,MCA,99,Train,0.6666666666666666,11
449,MCA,99,Test,0.6956521739130435,11
450,ACA,99,Train,1.0,11
451,ACA,99,Test,0.43478260869565216,11
452,FFI,99,Train,0.16161616161616163,11
453,FFI,99,Test,0.13043478260869565,11
454,AMCA,99,Train,1.0,11
455,AMCA,99,Test,0.43478260869565216,11
456,MCA,99,Train,0.6767676767676768,12
457,MCA,99,Test,0.5652173913043478,12
458,ACA,99,Train,0.98989898989899,12
459,ACA,99,Test,0.6521739130434783,12
460,FFI,99,Train,0.21212121212121213,12
461,FFI,99,Test,0.13043478260869565,12
462,AMCA,99,Train,1.0,12
463,AMCA,99,Test,0.6521739130434783,12
464,MCA,99,Train,0.7474747474747475,13
465,MCA,99,Test,0.782608695652174,13
466,ACA,99,Train,1.0,13
467,ACA,99,Test,0.34782608695652173,13
468,FFI,99,Train,0.1717171717171717,13
469,FFI,99,Test,0.13043478260869565,13
470,AMCA,99,Train,1.0,13
471,AMCA,99,Test,0.43478260869565216,13
472,MCA,99,Train,0.7070707070707071,14
473,MCA,99,Test,0.5217391304347826,14
474,ACA,99,Train,1.0,14
475,ACA,99,Test,0.6956521739130435,14
476,FFI,99,Train,0.1717171717171717,14
477,FFI,99,Test,0.08695652173913043,14
478,AMCA,99,Train,1.0,14
479,AMCA,99,Test,0.782608695652174,14
480,MCA,116,Train,0.6810344827586207,0
481,MCA,116,Test,0.5652173913043478,0
482,ACA,116,Train,1.0,0
483,ACA,116,Test,0.8695652173913043,0
484,FFI,116,Train,0.1896551724137931,0
485,FFI,116,Test,0.13043478260869565,0
486,AMCA,116,Train,1.0,0
487,AMCA,116,Test,0.8695652173913043,0
488,MCA,116,Train,0.646551724137931,1
489,MCA,116,Test,0.6086956521739131,1
490,ACA,116,Train,1.0,1
491,ACA,116,Test,0.7391304347826086,1
492,FFI,116,Train,0.1896551724137931,1
493,FFI,116,Test,0.08695652173913043,1
494,AMCA,116,Train,1.0,1
495,AMCA,116,Test,0.7391304347826086,1
496,MCA,116,Train,0.6637931034482759,2
497,MCA,116,Test,0.6086956521739131,2
498,ACA,116,Train,1.0,2
499,ACA,116,Test,0.6956521739130435,2
500,FFI,116,Train,0.29310344827586204,2
501,FFI,116,Test,0.2608695652173913,2
502,AMCA,116,Train,1.0,2
503,AMCA,116,Test,0.6521739130434783,2
504,MCA,116,Train,0.6982758620689655,3
505,MCA,116,Test,0.6086956521739131,3
506,ACA,116,Train,1.0,3
507,ACA,116,Test,0.8695652173913043,3
508,FFI,116,Train,0.19827586206896552,3
509,FFI,116,Test,0.13043478260869565,3
510,AMCA,116,Train,1.0,3
511,AMCA,116,Test,0.9130434782608695,3
512,MCA,116,Train,0.7413793103448276,4
513,MCA,116,Test,0.5652173913043478,4
514,ACA,116,Train,1.0,4
515,ACA,116,Test,0.6086956521739131,4
516,FFI,116,Train,0.2413793103448276,4
517,FFI,116,Test,0.21739130434782608,4
518,AMCA,116,Train,1.0,4
519,AMCA,116,Test,0.6521739130434783,4
520,MCA,116,Train,0.6724137931034483,5
521,MCA,116,Test,0.5652173913043478,5
522,ACA,116,Train,1.0,5
523,ACA,116,Test,0.6521739130434783,5
524,FFI,116,Train,0.31896551724137934,5
525,FFI,116,Test,0.21739130434782608,5
526,AMCA,116,Train,1.0,5
527,AMCA,116,Test,0.6521739130434783,5
528,MCA,116,Train,0.7155172413793104,6
529,MCA,116,Test,0.6086956521739131,6
530,ACA,116,Train,0.9741379310344828,6
531,ACA,116,Test,0.5652173913043478,6
532,FFI,116,Train,0.3275862068965517,6
533,FFI,116,Test,0.34782608695652173,6
534,AMCA,116,Train,0.9913793103448276,6
535,AMCA,116,Test,0.6521739130434783,6
536,MCA,116,Train,0.7327586206896551,7
537,MCA,116,Test,0.6956521739130435,7
538,ACA,116,Train,0.9913793103448276,7
539,ACA,116,Test,0.6956521739130435,7
540,FFI,116,Train,0.16379310344827586,7
541,FFI,116,Test,0.13043478260869565,7
542,AMCA,116,Train,1.0,7
543,AMCA,116,Test,0.7391304347826086,7
544,MCA,116,Train,0.6551724137931034,8
545,MCA,116,Test,0.6521739130434783,8
546,ACA,116,Train,0.9655172413793104,8
547,ACA,116,Test,0.6521739130434783,8
548,FFI,116,Train,0.25,8
549,FFI,116,Test,0.21739130434782608,8
550,AMCA,116,Train,1.0,8
551,AMCA,116,Test,0.7391304347826086,8
552,MCA,116,Train,0.646551724137931,9
553,MCA,116,Test,0.4782608695652174,9
554,ACA,116,Train,1.0,9
555,ACA,116,Test,0.5217391304347826,9
556,FFI,116,Train,0.27586206896551724,9
557,FFI,116,Test,0.13043478260869565,9
558,AMCA,116,Train,1.0,9
559,AMCA,116,Test,0.5217391304347826,9
560,MCA,116,Train,0.8189655172413793,10
561,MCA,116,Test,0.7391304347826086,10
562,ACA,116,Train,0.9224137931034483,10
563,ACA,116,Test,0.391304347826087,10
564,FFI,116,Train,0.20689655172413793,10
565,FFI,116,Test,0.21739130434782608,10
566,AMCA,116,Train,1.0,10
567,AMCA,116,Test,0.4782608695652174,10
568,MCA,116,Train,0.603448275862069,11
569,MCA,116,Test,0.5652173913043478,11
570,ACA,116,Train,1.0,11
571,ACA,116,Test,0.391304347826087,11
572,FFI,116,Train,0.15517241379310345,11
573,FFI,116,Test,0.13043478260869565,11
574,AMCA,116,Train,1.0,11
575,AMCA,116,Test,0.391304347826087,11
576,MCA,116,Train,0.8017241379310345,12
577,MCA,116,Test,0.782608695652174,12
578,ACA,116,Train,0.9827586206896551,12
579,ACA,116,Test,0.8260869565217391,12
580,FFI,116,Train,0.20689655172413793,12
581,FFI,116,Test,0.21739130434782608,12
582,AMCA,116,Train,1.0,12
583,AMCA,116,Test,0.8260869565217391,12
584,MCA,116,Train,0.8103448275862069,13
585,MCA,116,Test,0.7391304347826086,13
586,ACA,116,Train,0.9827586206896551,13
587,ACA,116,Test,0.43478260869565216,13
588,FFI,116,Train,0.15517241379310345,13
589,FFI,116,Test,0.13043478260869565,13
590,AMCA,116,Train,0.9913793103448276,13
591,AMCA,116,Test,0.4782608695652174,13
592,MCA,116,Train,0.6982758620689655,14
593,MCA,116,Test,0.6086956521739131,14
594,ACA,116,Train,1.0,14
595,ACA,116,Test,0.782608695652174,14
596,FFI,116,Train,0.1896551724137931,14
597,FFI,116,Test,0.21739130434782608,14
598,AMCA,116,Train,1.0,14
599,AMCA,116,Test,0.8260869565217391,14
600,MCA,134,Train,0.746268656716418,0
601,MCA,134,Test,0.6521739130434783,0
602,ACA,134,Train,1.0,0
603,ACA,134,Test,0.8695652173913043,0
604,FFI,134,Train,0.208955223880597,0
605,FFI,134,Test,0.2608695652173913,0
606,AMCA,134,Train,1.0,0
607,AMCA,134,Test,0.8695652173913043,0
608,MCA,134,Train,0.7611940298507462,1
609,MCA,134,Test,0.7391304347826086,1
610,ACA,134,Train,1.0,1
611,ACA,134,Test,0.8260869565217391,1
612,FFI,134,Train,0.21641791044776118,1
613,FFI,134,Test,0.2608695652173913,1
614,AMCA,134,Train,1.0,1
615,AMCA,134,Test,0.8260869565217391,1
616,MCA,134,Train,0.6567164179104478,2
617,MCA,134,Test,0.6086956521739131,2
618,ACA,134,Train,1.0,2
619,ACA,134,Test,0.782608695652174,2
620,FFI,134,Train,0.208955223880597,2
621,FFI,134,Test,0.17391304347826086,2
622,AMCA,134,Train,1.0,2
623,AMCA,134,Test,0.8260869565217391,2
624,MCA,134,Train,0.8059701492537313,3
625,MCA,134,Test,0.782608695652174,3
626,ACA,134,Train,1.0,3
627,ACA,134,Test,0.8695652173913043,3
628,FFI,134,Train,0.20149253731343283,3
629,FFI,134,Test,0.13043478260869565,3
630,AMCA,134,Train,1.0,3
631,AMCA,134,Test,0.8695652173913043,3
632,MCA,134,Train,0.7985074626865671,4
633,MCA,134,Test,0.8260869565217391,4
634,ACA,134,Train,0.9925373134328358,4
635,ACA,134,Test,0.6086956521739131,4
636,FFI,134,Train,0.27611940298507465,4
637,FFI,134,Test,0.2608695652173913,4
638,AMCA,134,Train,1.0,4
639,AMCA,134,Test,0.6086956521739131,4
640,MCA,134,Train,0.6567164179104478,5
641,MCA,134,Test,0.6086956521739131,5
642,ACA,134,Train,1.0,5
643,ACA,134,Test,0.7391304347826086,5
644,FFI,134,Train,0.29850746268656714,5
645,FFI,134,Test,0.2608695652173913,5
646,AMCA,134,Train,1.0,5
647,AMCA,134,Test,0.7391304347826086,5
648,MCA,134,Train,0.6492537313432836,6
649,MCA,134,Test,0.5217391304347826,6
650,ACA,134,Train,0.9850746268656716,6
651,ACA,134,Test,0.6521739130434783,6
652,FFI,134,Train,0.2537313432835821,6
653,FFI,134,Test,0.17391304347826086,6
654,AMCA,134,Train,1.0,6
655,AMCA,134,Test,0.6521739130434783,6
656,MCA,134,Train,0.7089552238805971,7
657,MCA,134,Test,0.6956521739130435,7
658,ACA,134,Train,1.0,7
659,ACA,134,Test,0.782608695652174,7
660,FFI,134,Train,0.17164179104477612,7
661,FFI,134,Test,0.13043478260869565,7
662,AMCA,134,Train,1.0,7
663,AMCA,134,Test,0.8260869565217391,7
664,MCA,134,Train,0.6119402985074627,8
665,MCA,134,Test,0.6086956521739131,8
666,ACA,134,Train,0.9029850746268657,8
667,ACA,134,Test,0.7391304347826086,8
668,FFI,134,Train,0.26119402985074625,8
669,FFI,134,Test,0.2608695652173913,8
670,AMCA,134,Train,0.9850746268656716,8
671,AMCA,134,Test,0.9565217391304348,8
672,MCA,134,Train,0.7985074626865671,9
673,MCA,134,Test,0.782608695652174,9
674,ACA,134,Train,1.0,9
675,ACA,134,Test,0.6956521739130435,9
676,FFI,134,Train,0.26865671641791045,9
677,FFI,134,Test,0.13043478260869565,9
678,AMCA,134,Train,1.0,9
679,AMCA,134,Test,0.6956521739130435,9
680,MCA,134,Train,0.7089552238805971,10
681,MCA,134,Test,0.5652173913043478,10
682,ACA,134,Train,0.9776119402985075,10
683,ACA,134,Test,0.6086956521739131,10
684,FFI,134,Train,0.22388059701492538,10
685,FFI,134,Test,0.21739130434782608,10
686,AMCA,134,Train,0.9925373134328358,10
687,AMCA,134,Test,0.6086956521739131,10
688,MCA,134,Train,0.6940298507462687,11
689,MCA,134,Test,0.6521739130434783,11
690,ACA,134,Train,0.9776119402985075,11
691,ACA,134,Test,0.391304347826087,11
692,FFI,134,Train,0.19402985074626866,11
693,FFI,134,Test,0.2608695652173913,11
694,AMCA,134,Train,0.9925373134328358,11
695,AMCA,134,Test,0.43478260869565216,11
696,MCA,134,Train,0.7910447761194029,12
697,MCA,134,Test,0.782608695652174,12
698,ACA,134,Train,0.9477611940298507,12
699,ACA,134,Test,0.8695652173913043,12
700,FFI,134,Train,0.19402985074626866,12
701,FFI,134,Test,0.13043478260869565,12
702,AMCA,134,Train,1.0,12
703,AMCA,134,Test,0.8695652173913043,12
704,MCA,134,Train,0.6343283582089553,13
705,MCA,134,Test,0.5652173913043478,13
706,ACA,134,Train,0.9776119402985075,13
707,ACA,134,Test,0.4782608695652174,13
708,FFI,134,Train,0.15671641791044777,13
709,FFI,134,Test,0.13043478260869565,13
710,AMCA,134,Train,0.9925373134328358,13
711,AMCA,134,Test,0.4782608695652174,13
712,MCA,134,Train,0.7014925373134329,14
713,MCA,134,Test,0.6521739130434783,14
714,ACA,134,Train,1.0,14
715,ACA,134,Test,0.7391304347826086,14
716,FFI,134,Train,0.23134328358208955,14
717,FFI,134,Test,0.21739130434782608,14
718,AMCA,134,Train,1.0,14
719,AMCA,134,Test,0.6956521739130435,14
720,MCA,151,Train,0.7019867549668874,0
721,MCA,151,Test,0.6521739130434783,0
722,ACA,151,Train,0.8874172185430463,0
723,ACA,151,Test,0.7391304347826086,0
724,FFI,151,Train,0.2119205298013245,0
725,FFI,151,Test,0.13043478260869565,0
726,AMCA,151,Train,0.9867549668874173,0
727,AMCA,151,Test,0.8260869565217391,0
728,MCA,151,Train,0.7483443708609272,1
729,MCA,151,Test,0.7391304347826086,1
730,ACA,151,Train,1.0,1
731,ACA,151,Test,0.8260869565217391,1
732,FFI,151,Train,0.23841059602649006,1
733,FFI,151,Test,0.2608695652173913,1
734,AMCA,151,Train,1.0,1
735,AMCA,151,Test,0.8695652173913043,1
736,MCA,151,Train,0.695364238410596,2
737,MCA,151,Test,0.6086956521739131,2
738,ACA,151,Train,0.9668874172185431,2
739,ACA,151,Test,0.8695652173913043,2
740,FFI,151,Train,0.2185430463576159,2
741,FFI,151,Test,0.21739130434782608,2
742,AMCA,151,Train,1.0,2
743,AMCA,151,Test,0.9130434782608695,2
744,MCA,151,Train,0.7615894039735099,3
745,MCA,151,Test,0.6956521739130435,3
746,ACA,151,Train,0.9668874172185431,3
747,ACA,151,Test,0.8695652173913043,3
748,FFI,151,Train,0.19205298013245034,3
749,FFI,151,Test,0.21739130434782608,3
750,AMCA,151,Train,1.0,3
751,AMCA,151,Test,1.0,3
752,MCA,151,Train,0.7218543046357616,4
753,MCA,151,Test,0.6521739130434783,4
754,ACA,151,Train,0.9668874172185431,4
755,ACA,151,Test,0.6956521739130435,4
756,FFI,151,Train,0.25165562913907286,4
757,FFI,151,Test,0.17391304347826086,4
758,AMCA,151,Train,0.9933774834437086,4
759,AMCA,151,Test,0.7391304347826086,4
760,MCA,151,Train,0.7019867549668874,5
761,MCA,151,Test,0.6086956521739131,5
762,ACA,151,Train,0.9470198675496688,5
763,ACA,151,Test,0.6086956521739131,5
764,FFI,151,Train,0.2847682119205298,5
765,FFI,151,Test,0.2608695652173913,5
766,AMCA,151,Train,0.9933774834437086,5
767,AMCA,151,Test,0.7391304347826086,5
768,MCA,151,Train,0.7947019867549668,6
769,MCA,151,Test,0.6956521739130435,6
770,ACA,151,Train,0.9867549668874173,6
771,ACA,151,Test,0.6956521739130435,6
772,FFI,151,Train,0.304635761589404,6
773,FFI,151,Test,0.17391304347826086,6
774,AMCA,151,Train,0.9933774834437086,6
775,AMCA,151,Test,0.6956521739130435,6
776,MCA,151,Train,0.7748344370860927,7
777,MCA,151,Test,0.6956521739130435,7
778,ACA,151,Train,1.0,7
779,ACA,151,Test,0.8260869565217391,7
780,FFI,151,Train,0.18543046357615894,7
781,FFI,151,Test,0.13043478260869565,7
782,AMCA,151,Train,1.0,7
783,AMCA,151,Test,0.8260869565217391,7
784,MCA,151,Train,0.6821192052980133,8
785,MCA,151,Test,0.6956521739130435,8
786,ACA,151,Train,0.9801324503311258,8
787,ACA,151,Test,0.8695652173913043,8
788,FFI,151,Train,0.23178807947019867,8
789,FFI,151,Test,0.17391304347826086,8
790,AMCA,151,Train,1.0,8
791,AMCA,151,Test,0.9130434782608695,8
792,MCA,151,Train,0.847682119205298,9
793,MCA,151,Test,0.7391304347826086,9
794,ACA,151,Train,0.8807947019867549,9
795,ACA,151,Test,0.5652173913043478,9
796,FFI,151,Train,0.2913907284768212,9
797,FFI,151,Test,0.13043478260869565,9
798,AMCA,151,Train,0.9867549668874173,9
799,AMCA,151,Test,0.8260869565217391,9
800,MCA,151,Train,0.7615894039735099,10
801,MCA,151,Test,0.6521739130434783,10
802,ACA,151,Train,0.9470198675496688,10
803,ACA,151,Test,0.5217391304347826,10
804,FFI,151,Train,0.2119205298013245,10
805,FFI,151,Test,0.21739130434782608,10
806,AMCA,151,Train,1.0,10
807,AMCA,151,Test,0.6086956521739131,10
808,MCA,151,Train,0.7086092715231788,11
809,MCA,151,Test,0.7391304347826086,11
810,ACA,151,Train,1.0,11
811,ACA,151,Test,0.4782608695652174,11
812,FFI,151,Train,0.25165562913907286,11
813,FFI,151,Test,0.13043478260869565,11
814,AMCA,151,Train,1.0,11
815,AMCA,151,Test,0.5652173913043478,11
816,MCA,151,Train,0.8079470198675497,12
817,MCA,151,Test,0.782608695652174,12
818,ACA,151,Train,0.9735099337748344,12
819,ACA,151,Test,0.8695652173913043,12
820,FFI,151,Train,0.24503311258278146,12
821,FFI,151,Test,0.2608695652173913,12
822,AMCA,151,Train,0.9867549668874173,12
823,AMCA,151,Test,0.9130434782608695,12
824,MCA,151,Train,0.6490066225165563,13
825,MCA,151,Test,0.5652173913043478,13
826,ACA,151,Train,0.9867549668874173,13
827,ACA,151,Test,0.5217391304347826,13
828,FFI,151,Train,0.15894039735099338,13
829,FFI,151,Test,0.13043478260869565,13
830,AMCA,151,Train,0.9933774834437086,13
831,AMCA,151,Test,0.5652173913043478,13
832,MCA,151,Train,0.7549668874172185,14
833,MCA,151,Test,0.7391304347826086,14
834,ACA,151,Train,0.9801324503311258,14
835,ACA,151,Test,0.8260869565217391,14
836,FFI,151,Train,0.2582781456953642,14
837,FFI,151,Test,0.17391304347826086,14
838,AMCA,151,Train,1.0,14
839,AMCA,151,Test,0.8695652173913043,14
840,MCA,169,Train,0.6745562130177515,0
841,MCA,169,Test,0.6086956521739131,0
842,ACA,169,Train,1.0,0
843,ACA,169,Test,0.8260869565217391,0
844,FFI,169,Train,0.21301775147928995,0
845,FFI,169,Test,0.17391304347826086,0
846,AMCA,169,Train,1.0,0
847,AMCA,169,Test,0.8695652173913043,0
848,MCA,169,Train,0.650887573964497,1
849,MCA,169,Test,0.5652173913043478,1
850,ACA,169,Train,1.0,1
851,ACA,169,Test,0.8260869565217391,1
852,FFI,169,Train,0.2603550295857988,1
853,FFI,169,Test,0.30434782608695654,1
854,AMCA,169,Train,1.0,1
855,AMCA,169,Test,0.8260869565217391,1
856,MCA,169,Train,0.6982248520710059,2
857,MCA,169,Test,0.6086956521739131,2
858,ACA,169,Train,0.9822485207100592,2
859,ACA,169,Test,0.8260869565217391,2
860,FFI,169,Train,0.2485207100591716,2
861,FFI,169,Test,0.2608695652173913,2
862,AMCA,169,Train,0.9940828402366864,2
863,AMCA,169,Test,0.9130434782608695,2
864,MCA,169,Train,0.7514792899408284,3
865,MCA,169,Test,0.6956521739130435,3
866,ACA,169,Train,0.9881656804733728,3
867,ACA,169,Test,0.9130434782608695,3
868,FFI,169,Train,0.20710059171597633,3
869,FFI,169,Test,0.21739130434782608,3
870,AMCA,169,Train,0.9940828402366864,3
871,AMCA,169,Test,1.0,3
872,MCA,169,Train,0.7337278106508875,4
873,MCA,169,Test,0.6956521739130435,4
874,ACA,169,Train,0.9940828402366864,4
875,ACA,169,Test,0.6521739130434783,4
876,FFI,169,Train,0.30177514792899407,4
877,FFI,169,Test,0.13043478260869565,4
878,AMCA,169,Train,1.0,4
879,AMCA,169,Test,0.6521739130434783,4
880,MCA,169,Train,0.7041420118343196,5
881,MCA,169,Test,0.6956521739130435,5
882,ACA,169,Train,0.9763313609467456,5
883,ACA,169,Test,0.8260869565217391,5
884,FFI,169,Train,0.2781065088757396,5
885,FFI,169,Test,0.21739130434782608,5
886,AMCA,169,Train,0.9940828402366864,5
887,AMCA,169,Test,0.8695652173913043,5
888,MCA,169,Train,0.727810650887574,6
889,MCA,169,Test,0.6086956521739131,6
890,ACA,169,Train,0.9822485207100592,6
891,ACA,169,Test,0.7391304347826086,6
892,FFI,169,Train,0.2958579881656805,6
893,FFI,169,Test,0.21739130434782608,6
894,AMCA,169,Train,1.0,6
895,AMCA,169,Test,0.7391304347826086,6
896,MCA,169,Train,0.8047337278106509,7
897,MCA,169,Test,0.782608695652174,7
898,ACA,169,Train,0.9822485207100592,7
899,ACA,169,Test,0.7391304347826086,7
900,FFI,169,Train,0.16568047337278108,7
901,FFI,169,Test,0.13043478260869565,7
902,AMCA,169,Train,1.0,7
903,AMCA,169,Test,0.782608695652174,7
904,MCA,169,Train,0.7396449704142012,8
905,MCA,169,Test,0.782608695652174,8
906,ACA,169,Train,1.0,8
907,ACA,169,Test,0.8695652173913043,8
908,FFI,169,Train,0.26627218934911245,8
909,FFI,169,Test,0.2608695652173913,8
910,AMCA,169,Train,1.0,8
911,AMCA,169,Test,0.8695652173913043,8
912,MCA,169,Train,0.7869822485207101,9
913,MCA,169,Test,0.782608695652174,9
914,ACA,169,Train,0.9704142011834319,9
915,ACA,169,Test,0.7391304347826086,9
916,FFI,169,Train,0.2781065088757396,9
917,FFI,169,Test,0.08695652173913043,9
918,AMCA,169,Train,1.0,9
919,AMCA,169,Test,0.8260869565217391,9
920,MCA,169,Train,0.727810650887574,10
921,MCA,169,Test,0.6521739130434783,10
922,ACA,169,Train,0.8757396449704142,10
923,ACA,169,Test,0.5217391304347826,10
924,FFI,169,Train,0.20118343195266272,10
925,FFI,169,Test,0.21739130434782608,10
926,AMCA,169,Train,0.9881656804733728,10
927,AMCA,169,Test,0.6956521739130435,10
928,MCA,169,Train,0.7396449704142012,11
929,MCA,169,Test,0.6521739130434783,11
930,ACA,169,Train,1.0,11
931,ACA,169,Test,0.6086956521739131,11
932,FFI,169,Train,0.25443786982248523,11
933,FFI,169,Test,0.2608695652173913,11
934,AMCA,169,Train,1.0,11
935,AMCA,169,Test,0.6521739130434783,11
936,MCA,169,Train,0.757396449704142,12
937,MCA,169,Test,0.782608695652174,12
938,ACA,169,Train,0.9644970414201184,12
939,ACA,169,Test,0.8695652173913043,12
940,FFI,169,Train,0.2603550295857988,12
941,FFI,169,Test,0.2608695652173913,12
942,AMCA,169,Train,0.9940828402366864,12
943,AMCA,169,Test,0.9565217391304348,12
944,MCA,169,Train,0.6745562130177515,13
945,MCA,169,Test,0.6086956521739131,13
946,ACA,169,Train,0.9940828402366864,13
947,ACA,169,Test,0.6086956521739131,13
948,FFI,169,Train,0.17751479289940827,13
949,FFI,169,Test,0.13043478260869565,13
950,AMCA,169,Train,1.0,13
951,AMCA,169,Test,0.6086956521739131,13
952,MCA,169,Train,0.7100591715976331,14
953,MCA,169,Test,0.6086956521739131,14
954,ACA,169,Train,0.9940828402366864,14
955,ACA,169,Test,0.782608695652174,14
956,FFI,169,Train,0.24260355029585798,14
957,FFI,169,Test,0.17391304347826086,14
958,AMCA,169,Train,1.0,14
959,AMCA,169,Test,0.782608695652174,14
960,MCA,186,Train,0.8064516129032258,0
961,MCA,186,Test,0.7391304347826086,0
962,ACA,186,Train,0.8655913978494624,0
963,ACA,186,Test,0.6521739130434783,0
964,FFI,186,Train,0.22043010752688172,0
965,FFI,186,Test,0.17391304347826086,0
966,AMCA,186,Train,0.9838709677419355,0
967,AMCA,186,Test,0.9565217391304348,0
968,MCA,186,Train,0.6290322580645161,1
969,MCA,186,Test,0.6521739130434783,1
970,ACA,186,Train,0.978494623655914,1
971,ACA,186,Test,0.8260869565217391,1
972,FFI,186,Train,0.26881720430107525,1
973,FFI,186,Test,0.2608695652173913,1
974,AMCA,186,Train,0.9946236559139785,1
975,AMCA,186,Test,0.8695652173913043,1
976,MCA,186,Train,0.7043010752688172,2
977,MCA,186,Test,0.6521739130434783,2
978,ACA,186,Train,0.9301075268817204,2
979,ACA,186,Test,0.782608695652174,2
980,FFI,186,Train,0.26881720430107525,2
981,FFI,186,Test,0.2608695652173913,2
982,AMCA,186,Train,0.9946236559139785,2
983,AMCA,186,Test,0.8695652173913043,2
984,MCA,186,Train,0.6774193548387096,3
985,MCA,186,Test,0.6086956521739131,3
986,ACA,186,Train,0.9731182795698925,3
987,ACA,186,Test,0.8695652173913043,3
988,FFI,186,Train,0.21505376344086022,3
989,FFI,186,Test,0.2608695652173913,3
990,AMCA,186,Train,1.0,3
991,AMCA,186,Test,0.9130434782608695,3
992,MCA,186,Train,0.8494623655913979,4
993,MCA,186,Test,0.8260869565217391,4
994,ACA,186,Train,0.9623655913978495,4
995,ACA,186,Test,0.6956521739130435,4
996,FFI,186,Train,0.27419354838709675,4
997,FFI,186,Test,0.17391304347826086,4
998,AMCA,186,Train,0.9946236559139785,4
999,AMCA,186,Test,0.782608695652174,4
1000,MCA,186,Train,0.7043010752688172,5
1001,MCA,186,Test,0.6956521739130435,5
1002,ACA,186,Train,0.9838709677419355,5
1003,ACA,186,Test,0.8260869565217391,5
1004,FFI,186,Train,0.2849462365591398,5
1005,FFI,186,Test,0.30434782608695654,5
1006,AMCA,186,Train,0.9946236559139785,5
1007,AMCA,186,Test,0.8695652173913043,5
1008,MCA,186,Train,0.6612903225806451,6
1009,MCA,186,Test,0.5217391304347826,6
1010,ACA,186,Train,0.9838709677419355,6
1011,ACA,186,Test,0.782608695652174,6
1012,FFI,186,Train,0.24731182795698925,6
1013,FFI,186,Test,0.17391304347826086,6
1014,AMCA,186,Train,1.0,6
1015,AMCA,186,Test,0.782608695652174,6
1016,MCA,186,Train,0.7903225806451613,7
1017,MCA,186,Test,0.6521739130434783,7
1018,ACA,186,Train,0.956989247311828,7
1019,ACA,186,Test,0.7391304347826086,7
1020,FFI,186,Train,0.22580645161290322,7
1021,FFI,186,Test,0.13043478260869565,7
1022,AMCA,186,Train,0.989247311827957,7
1023,AMCA,186,Test,0.8695652173913043,7
1024,MCA,186,Train,0.7150537634408602,8
1025,MCA,186,Test,0.6956521739130435,8
1026,ACA,186,Train,1.0,8
1027,ACA,186,Test,0.8695652173913043,8
1028,FFI,186,Train,0.3064516129032258,8
1029,FFI,186,Test,0.2608695652173913,8
1030,AMCA,186,Train,1.0,8
1031,AMCA,186,Test,0.9130434782608695,8
1032,MCA,186,Train,0.7634408602150538,9
1033,MCA,186,Test,0.7391304347826086,9
1034,ACA,186,Train,0.9731182795698925,9
1035,ACA,186,Test,0.8260869565217391,9
1036,FFI,186,Train,0.24731182795698925,9
1037,FFI,186,Test,0.13043478260869565,9
1038,AMCA,186,Train,1.0,9
1039,AMCA,186,Test,0.8695652173913043,9
1040,MCA,186,Train,0.6989247311827957,10
1041,MCA,186,Test,0.5652173913043478,10
1042,ACA,186,Train,0.9838709677419355,10
1043,ACA,186,Test,0.6956521739130435,10
1044,FFI,186,Train,0.23118279569892472,10
1045,FFI,186,Test,0.21739130434782608,10
1046,AMCA,186,Train,1.0,10
1047,AMCA,186,Test,0.6956521739130435,10
1048,MCA,186,Train,0.6827956989247311,11
1049,MCA,186,Test,0.7391304347826086,11
1050,ACA,186,Train,0.989247311827957,11
1051,ACA,186,Test,0.6086956521739131,11
1052,FFI,186,Train,0.24731182795698925,11
1053,FFI,186,Test,0.13043478260869565,11
1054,AMCA,186,Train,1.0,11
1055,AMCA,186,Test,0.6521739130434783,11
1056,MCA,186,Train,0.6827956989247311,12
1057,MCA,186,Test,0.7391304347826086,12
1058,ACA,186,Train,0.9623655913978495,12
1059,ACA,186,Test,0.9565217391304348,12
1060,FFI,186,Train,0.26881720430107525,12
1061,FFI,186,Test,0.2608695652173913,12
1062,AMCA,186,Train,0.9946236559139785,12
1063,AMCA,186,Test,0.9565217391304348,12
1064,MCA,186,Train,0.6451612903225806,13
1065,MCA,186,Test,0.6086956521739131,13
1066,ACA,186,Train,0.9408602150537635,13
1067,ACA,186,Test,0.5217391304347826,13
1068,FFI,186,Train,0.24731182795698925,13
1069,FFI,186,Test,0.2608695652173913,13
1070,AMCA,186,Train,0.989247311827957,13
1071,AMCA,186,Test,0.6956521739130435,13
1072,MCA,186,Train,0.7311827956989247,14
1073,MCA,186,Test,0.6521739130434783,14
1074,ACA,186,Train,0.978494623655914,14
1075,ACA,186,Test,0.782608695652174,14
1076,FFI,186,Train,0.24731182795698925,14
1077,FFI,186,Test,0.17391304347826086,14
1078,AMCA,186,Train,0.9946236559139785,14
1079,AMCA,186,Test,0.8695652173913043,14
1080,MCA,204,Train,0.7892156862745098,0
1081,MCA,204,Test,0.6956521739130435,0
1082,ACA,204,Train,0.9803921568627451,0
1083,ACA,204,Test,0.8695652173913043,0
1084,FFI,204,Train,0.21568627450980393,0
1085,FFI,204,Test,0.17391304347826086,0
1086,AMCA,204,Train,1.0,0
1087,AMCA,204,Test,0.9565217391304348,0
1088,MCA,204,Train,0.6715686274509803,1
1089,MCA,204,Test,0.6956521739130435,1
1090,ACA,204,Train,0.9950980392156863,1
1091,ACA,204,Test,0.8260869565217391,1
1092,FFI,204,Train,0.2549019607843137,1
1093,FFI,204,Test,0.2608695652173913,1
1094,AMCA,204,Train,1.0,1
1095,AMCA,204,Test,0.8260869565217391,1
1096,MCA,204,Train,0.7009803921568627,2
1097,MCA,204,Test,0.6086956521739131,2
1098,ACA,204,Train,0.9509803921568627,2
1099,ACA,204,Test,0.8260869565217391,2
1100,FFI,204,Train,0.25980392156862747,2
1101,FFI,204,Test,0.2608695652173913,2
1102,AMCA,204,Train,0.9950980392156863,2
1103,AMCA,204,Test,0.9565217391304348,2
1104,MCA,204,Train,0.7745098039215687,3
1105,MCA,204,Test,0.6956521739130435,3
1106,ACA,204,Train,0.9656862745098039,3
1107,ACA,204,Test,0.7391304347826086,3
1108,FFI,204,Train,0.22058823529411764,3
1109,FFI,204,Test,0.2608695652173913,3
1110,AMCA,204,Train,1.0,3
1111,AMCA,204,Test,0.8695652173913043,3
1112,MCA,204,Train,0.7745098039215687,4
1113,MCA,204,Test,0.6956521739130435,4
1114,ACA,204,Train,0.9705882352941176,4
1115,ACA,204,Test,0.8260869565217391,4
1116,FFI,204,Train,0.3333333333333333,4
1117,FFI,204,Test,0.21739130434782608,4
1118,AMCA,204,Train,1.0,4
1119,AMCA,204,Test,0.8260869565217391,4
1120,MCA,204,Train,0.7156862745098039,5
1121,MCA,204,Test,0.6956521739130435,5
1122,ACA,204,Train,0.9803921568627451,5
1123,ACA,204,Test,0.782608695652174,5
1124,FFI,204,Train,0.3137254901960784,5
1125,FFI,204,Test,0.30434782608695654,5
1126,AMCA,204,Train,0.9950980392156863,5
1127,AMCA,204,Test,0.782608695652174,5
1128,MCA,204,Train,0.803921568627451,6
1129,MCA,204,Test,0.7391304347826086,6
1130,ACA,204,Train,0.9901960784313726,6
1131,ACA,204,Test,0.7391304347826086,6
1132,FFI,204,Train,0.29901960784313725,6
1133,FFI,204,Test,0.2608695652173913,6
1134,AMCA,204,Train,1.0,6
1135,AMCA,204,Test,0.782608695652174,6
1136,MCA,204,Train,0.8578431372549019,7
1137,MCA,204,Test,0.6521739130434783,7
1138,ACA,204,Train,0.9607843137254902,7
1139,ACA,204,Test,0.8260869565217391,7
1140,FFI,204,Train,0.2549019607843137,7
1141,FFI,204,Test,0.13043478260869565,7
1142,AMCA,204,Train,1.0,7
1143,AMCA,204,Test,0.8260869565217391,7
1144,MCA,204,Train,0.7745098039215687,8
1145,MCA,204,Test,0.8260869565217391,8
1146,ACA,204,Train,0.9705882352941176,8
1147,ACA,204,Test,0.782608695652174,8
1148,FFI,204,Train,0.27450980392156865,8
1149,FFI,204,Test,0.2608695652173913,8
1150,AMCA,204,Train,0.9901960784313726,8
1151,AMCA,204,Test,0.9565217391304348,8
1152,MCA,204,Train,0.803921568627451,9
1153,MCA,204,Test,0.782608695652174,9
1154,ACA,204,Train,0.9950980392156863,9
1155,ACA,204,Test,0.782608695652174,9
1156,FFI,204,Train,0.23039215686274508,9
1157,FFI,204,Test,0.17391304347826086,9
1158,AMCA,204,Train,1.0,9
1159,AMCA,204,Test,0.8260869565217391,9
1160,MCA,204,Train,0.6813725490196079,10
1161,MCA,204,Test,0.6086956521739131,10
1162,ACA,204,Train,0.9852941176470589,10
1163,ACA,204,Test,0.6521739130434783,10
1164,FFI,204,Train,0.24019607843137256,10
1165,FFI,204,Test,0.2608695652173913,10
1166,AMCA,204,Train,0.9950980392156863,10
1167,AMCA,204,Test,0.6956521739130435,10
1168,MCA,204,Train,0.6813725490196079,11
1169,MCA,204,Test,0.782608695652174,11
1170,ACA,204,Train,0.9950980392156863,11
1171,ACA,204,Test,0.6521739130434783,11
1172,FFI,204,Train,0.22058823529411764,11
1173,FFI,204,Test,0.17391304347826086,11
1174,AMCA,204,Train,1.0,11
1175,AMCA,204,Test,0.6956521739130435,11
1176,MCA,204,Train,0.6764705882352942,12
1177,MCA,204,Test,0.6956521739130435,12
1178,ACA,204,Train,0.9411764705882353,12
1179,ACA,204,Test,0.9130434782608695,12
1180,FFI,204,Train,0.24509803921568626,12
1181,FFI,204,Test,0.2608695652173913,12
1182,AMCA,204,Train,1.0,12
1183,AMCA,204,Test,0.9565217391304348,12
1184,MCA,204,Train,0.6813725490196079,13
1185,MCA,204,Test,0.6521739130434783,13
1186,ACA,204,Train,0.9901960784313726,13
1187,ACA,204,Test,0.6521739130434783,13
1188,FFI,204,Train,0.22058823529411764,13
1189,FFI,204,Test,0.21739130434782608,13
1190,AMCA,204,Train,1.0,13
1191,AMCA,204,Test,0.6521739130434783,13
1192,MCA,204,Train,0.7647058823529411,14
1193,MCA,204,Test,0.782608695652174,14
1194,ACA,204,Train,0.9901960784313726,14
1195,ACA,204,Test,0.8695652173913043,14
1196,FFI,204,Train,0.23529411764705882,14
1197,FFI,204,Test,0.17391304347826086,14
1198,AMCA,204,Train,1.0,14
1199,AMCA,204,Test,0.8695652173913043,14
1200,MCA,221,Train,0.7194570135746606,0
1201,MCA,221,Test,0.6521739130434783,0
1202,ACA,221,Train,0.9728506787330317,0
1203,ACA,221,Test,0.7391304347826086,0
1204,FFI,221,Train,0.23076923076923078,0
1205,FFI,221,Test,0.17391304347826086,0
1206,AMCA,221,Train,0.9909502262443439,0
1207,AMCA,221,Test,0.9130434782608695,0
1208,MCA,221,Train,0.751131221719457,1
1209,MCA,221,Test,0.782608695652174,1
1210,ACA,221,Train,0.9592760180995475,1
1211,ACA,221,Test,0.8695652173913043,1
1212,FFI,221,Train,0.26244343891402716,1
1213,FFI,221,Test,0.30434782608695654,1
1214,AMCA,221,Train,1.0,1
1215,AMCA,221,Test,0.9130434782608695,1
1216,MCA,221,Train,0.6968325791855203,2
1217,MCA,221,Test,0.6956521739130435,2
1218,ACA,221,Train,0.9864253393665159,2
1219,ACA,221,Test,0.8695652173913043,2
1220,FFI,221,Train,0.20361990950226244,2
1221,FFI,221,Test,0.17391304347826086,2
1222,AMCA,221,Train,0.995475113122172,2
1223,AMCA,221,Test,0.9565217391304348,2
1224,MCA,221,Train,0.746606334841629,3
1225,MCA,221,Test,0.6956521739130435,3
1226,ACA,221,Train,0.9230769230769231,3
1227,ACA,221,Test,0.9565217391304348,3
1228,FFI,221,Train,0.2398190045248869,3
1229,FFI,221,Test,0.21739130434782608,3
1230,AMCA,221,Train,1.0,3
1231,AMCA,221,Test,0.9565217391304348,3
1232,MCA,221,Train,0.8914027149321267,4
1233,MCA,221,Test,0.8260869565217391,4
1234,ACA,221,Train,0.8687782805429864,4
1235,ACA,221,Test,0.782608695652174,4
1236,FFI,221,Train,0.31221719457013575,4
1237,FFI,221,Test,0.2608695652173913,4
1238,AMCA,221,Train,0.9909502262443439,4
1239,AMCA,221,Test,0.9130434782608695,4
1240,MCA,221,Train,0.751131221719457,5
1241,MCA,221,Test,0.7391304347826086,5
1242,ACA,221,Train,0.995475113122172,5
1243,ACA,221,Test,0.8260869565217391,5
1244,FFI,221,Train,0.27601809954751133,5
1245,FFI,221,Test,0.30434782608695654,5
1246,AMCA,221,Train,1.0,5
1247,AMCA,221,Test,0.8260869565217391,5
1248,MCA,221,Train,0.7420814479638009,6
1249,MCA,221,Test,0.6521739130434783,6
1250,ACA,221,Train,0.9502262443438914,6
1251,ACA,221,Test,0.8260869565217391,6
1252,FFI,221,Train,0.27149321266968324,6
1253,FFI,221,Test,0.21739130434782608,6
1254,AMCA,221,Train,1.0,6
1255,AMCA,221,Test,0.8695652173913043,6
1256,MCA,221,Train,0.7692307692307693,7
1257,MCA,221,Test,0.5652173913043478,7
1258,ACA,221,Train,0.9683257918552036,7
1259,ACA,221,Test,0.9130434782608695,7
1260,FFI,221,Train,0.27149321266968324,7
1261,FFI,221,Test,0.17391304347826086,7
1262,AMCA,221,Train,1.0,7
1263,AMCA,221,Test,0.9130434782608695,7
1264,MCA,221,Train,0.8190045248868778,8
1265,MCA,221,Test,0.782608695652174,8
1266,ACA,221,Train,0.9638009049773756,8
1267,ACA,221,Test,0.782608695652174,8
1268,FFI,221,Train,0.24434389140271492,8
1269,FFI,221,Test,0.21739130434782608,8
1270,AMCA,221,Train,0.995475113122172,8
1271,AMCA,221,Test,0.9565217391304348,8
1272,MCA,221,Train,0.8054298642533937,9
1273,MCA,221,Test,0.8260869565217391,9
1274,ACA,221,Train,0.9592760180995475,9
1275,ACA,221,Test,0.8695652173913043,9
1276,FFI,221,Train,0.2398190045248869,9
1277,FFI,221,Test,0.17391304347826086,9
1278,AMCA,221,Train,1.0,9
1279,AMCA,221,Test,0.9130434782608695,9
1280,MCA,221,Train,0.669683257918552,10
1281,MCA,221,Test,0.6086956521739131,10
1282,ACA,221,Train,0.9819004524886877,10
1283,ACA,221,Test,0.7391304347826086,10
1284,FFI,221,Train,0.2398190045248869,10
1285,FFI,221,Test,0.2608695652173913,10
1286,AMCA,221,Train,0.995475113122172,10
1287,AMCA,221,Test,0.782608695652174,10
1288,MCA,221,Train,0.746606334841629,11
1289,MCA,221,Test,0.8695652173913043,11
1290,ACA,221,Train,0.9864253393665159,11
1291,ACA,221,Test,0.6086956521739131,11
1292,FFI,221,Train,0.25339366515837103,11
1293,FFI,221,Test,0.17391304347826086,11
1294,AMCA,221,Train,1.0,11
1295,AMCA,221,Test,0.6956521739130435,11
1296,MCA,221,Train,0.7782805429864253,12
1297,MCA,221,Test,0.8260869565217391,12
1298,ACA,221,Train,0.9140271493212669,12
1299,ACA,221,Test,0.9130434782608695,12
1300,FFI,221,Train,0.26244343891402716,12
1301,FFI,221,Test,0.21739130434782608,12
1302,AMCA,221,Train,1.0,12
1303,AMCA,221,Test,1.0,12
1304,MCA,221,Train,0.6832579185520362,13
1305,MCA,221,Test,0.6521739130434783,13
1306,ACA,221,Train,0.9592760180995475,13
1307,ACA,221,Test,0.6956521739130435,13
1308,FFI,221,Train,0.25339366515837103,13
1309,FFI,221,Test,0.21739130434782608,13
1310,AMCA,221,Train,0.995475113122172,13
1311,AMCA,221,Test,0.782608695652174,13
1312,MCA,221,Train,0.7873303167420814,14
1313,MCA,221,Test,0.8260869565217391,14
1314,ACA,221,Train,0.9819004524886877,14
1315,ACA,221,Test,0.782608695652174,14
1316,FFI,221,Train,0.2171945701357466,14
1317,FFI,221,Test,0.21739130434782608,14
1318,AMCA,221,Train,0.9909502262443439,14
1319,AMCA,221,Test,0.8695652173913043,14
1320,MCA,238,Train,0.7352941176470589,0
1321,MCA,238,Test,0.6521739130434783,0
1322,ACA,238,Train,0.9117647058823529,0
1323,ACA,238,Test,0.782608695652174,0
1324,FFI,238,Train,0.24369747899159663,0
1325,FFI,238,Test,0.21739130434782608,0
1326,AMCA,238,Train,0.9957983193277311,0
1327,AMCA,238,Test,1.0,0
1328,MCA,238,Train,0.7941176470588235,1
1329,MCA,238,Test,0.7391304347826086,1
1330,ACA,238,Train,0.9873949579831933,1
1331,ACA,238,Test,0.9130434782608695,1
1332,FFI,238,Train,0.24789915966386555,1
1333,FFI,238,Test,0.2608695652173913,1
1334,AMCA,238,Train,0.9957983193277311,1
1335,AMCA,238,Test,0.9130434782608695,1
1336,MCA,238,Train,0.7605042016806722,2
1337,MCA,238,Test,0.782608695652174,2
1338,ACA,238,Train,0.9621848739495799,2
1339,ACA,238,Test,0.8695652173913043,2
1340,FFI,238,Train,0.20588235294117646,2
1341,FFI,238,Test,0.2608695652173913,2
1342,AMCA,238,Train,0.9915966386554622,2
1343,AMCA,238,Test,0.9565217391304348,2
1344,MCA,238,Train,0.7142857142857143,3
1345,MCA,238,Test,0.6521739130434783,3
1346,ACA,238,Train,0.8907563025210085,3
1347,ACA,238,Test,0.8695652173913043,3
1348,FFI,238,Train,0.24789915966386555,3
1349,FFI,238,Test,0.2608695652173913,3
1350,AMCA,238,Train,0.9957983193277311,3
1351,AMCA,238,Test,1.0,3
1352,MCA,238,Train,0.773109243697479,4
1353,MCA,238,Test,0.6956521739130435,4
1354,ACA,238,Train,0.9621848739495799,4
1355,ACA,238,Test,0.9130434782608695,4
1356,FFI,238,Train,0.2647058823529412,4
1357,FFI,238,Test,0.2608695652173913,4
1358,AMCA,238,Train,0.9957983193277311,4
1359,AMCA,238,Test,0.9565217391304348,4
1360,MCA,238,Train,0.7478991596638656,5
1361,MCA,238,Test,0.6956521739130435,5
1362,ACA,238,Train,0.9873949579831933,5
1363,ACA,238,Test,0.8695652173913043,5
1364,FFI,238,Train,0.2605042016806723,5
1365,FFI,238,Test,0.30434782608695654,5
1366,AMCA,238,Train,1.0,5
1367,AMCA,238,Test,0.8695652173913043,5
1368,MCA,238,Train,0.8067226890756303,6
1369,MCA,238,Test,0.7391304347826086,6
1370,ACA,238,Train,0.9873949579831933,6
1371,ACA,238,Test,0.782608695652174,6
1372,FFI,238,Train,0.2857142857142857,6
1373,FFI,238,Test,0.2608695652173913,6
1374,AMCA,238,Train,1.0,6
1375,AMCA,238,Test,0.8260869565217391,6
1376,MCA,238,Train,0.7647058823529411,7
1377,MCA,238,Test,0.6086956521739131,7
1378,ACA,238,Train,0.957983193277311,7
1379,ACA,238,Test,0.9130434782608695,7
1380,FFI,238,Train,0.24789915966386555,7
1381,FFI,238,Test,0.17391304347826086,7
1382,AMCA,238,Train,1.0,7
1383,AMCA,238,Test,0.9130434782608695,7
1384,MCA,238,Train,0.8109243697478992,8
1385,MCA,238,Test,0.8260869565217391,8
1386,ACA,238,Train,0.9831932773109243,8
1387,ACA,238,Test,0.9130434782608695,8
1388,FFI,238,Train,0.24789915966386555,8
1389,FFI,238,Test,0.21739130434782608,8
1390,AMCA,238,Train,1.0,8
1391,AMCA,238,Test,0.9565217391304348,8
1392,MCA,238,Train,0.8067226890756303,9
1393,MCA,238,Test,0.8260869565217391,9
1394,ACA,238,Train,0.9915966386554622,9
1395,ACA,238,Test,0.8260869565217391,9
1396,FFI,238,Train,0.25630252100840334,9
1397,FFI,238,Test,0.13043478260869565,9
1398,AMCA,238,Train,1.0,9
1399,AMCA,238,Test,0.8695652173913043,9
1400,MCA,238,Train,0.6680672268907563,10
1401,MCA,238,Test,0.6086956521739131,10
1402,ACA,238,Train,0.9789915966386554,10
1403,ACA,238,Test,0.782608695652174,10
1404,FFI,238,Train,0.24789915966386555,10
1405,FFI,238,Test,0.2608695652173913,10
1406,AMCA,238,Train,0.9957983193277311,10
1407,AMCA,238,Test,0.782608695652174,10
1408,MCA,238,Train,0.6638655462184874,11
1409,MCA,238,Test,0.782608695652174,11
1410,ACA,238,Train,0.9873949579831933,11
1411,ACA,238,Test,0.6086956521739131,11
1412,FFI,238,Train,0.2605042016806723,11
1413,FFI,238,Test,0.17391304347826086,11
1414,AMCA,238,Train,1.0,11
1415,AMCA,238,Test,0.6521739130434783,11
1416,MCA,238,Train,0.8739495798319328,12
1417,MCA,238,Test,0.9565217391304348,12
1418,ACA,238,Train,0.9369747899159664,12
1419,ACA,238,Test,0.8695652173913043,12
1420,FFI,238,Train,0.24369747899159663,12
1421,FFI,238,Test,0.2608695652173913,12
1422,AMCA,238,Train,0.9957983193277311,12
1423,AMCA,238,Test,1.0,12
1424,MCA,238,Train,0.6890756302521008,13
1425,MCA,238,Test,0.6521739130434783,13
1426,ACA,238,Train,0.9369747899159664,13
1427,ACA,238,Test,0.7391304347826086,13
1428,FFI,238,Train,0.24789915966386555,13
1429,FFI,238,Test,0.17391304347826086,13
1430,AMCA,238,Train,0.9957983193277311,13
1431,AMCA,238,Test,0.8260869565217391,13
1432,MCA,238,Train,0.8025210084033614,14
1433,MCA,238,Test,0.8260869565217391,14
1434,ACA,238,Train,0.9495798319327731,14
1435,ACA,238,Test,0.782608695652174,14
1436,FFI,238,Train,0.226890756302521,14
1437,FFI,238,Test,0.30434782608695654,14
1438,AMCA,238,Train,0.9957983193277311,14
1439,AMCA,238,Test,0.9130434782608695,14
1440,MCA,256,Train,0.71875,0
1441,MCA,256,Test,0.6521739130434783,0
1442,ACA,256,Train,0.99609375,0
1443,ACA,256,Test,0.9130434782608695,0
1444,FFI,256,Train,0.2421875,0
1445,FFI,256,Test,0.17391304347826086,0
1446,AMCA,256,Train,0.99609375,0
1447,AMCA,256,Test,0.9130434782608695,0
1448,MCA,256,Train,0.7890625,1
1449,MCA,256,Test,0.782608695652174,1
1450,ACA,256,Train,0.98828125,1
1451,ACA,256,Test,0.8695652173913043,1
1452,FFI,256,Train,0.265625,1
1453,FFI,256,Test,0.30434782608695654,1
1454,AMCA,256,Train,1.0,1
1455,AMCA,256,Test,0.9565217391304348,1
1456,MCA,256,Train,0.74609375,2
1457,MCA,256,Test,0.7391304347826086,2
1458,ACA,256,Train,0.94921875,2
1459,ACA,256,Test,0.782608695652174,2
1460,FFI,256,Train,0.265625,2
1461,FFI,256,Test,0.2608695652173913,2
1462,AMCA,256,Train,0.984375,2
1463,AMCA,256,Test,0.8260869565217391,2
1464,MCA,256,Train,0.63671875,3
1465,MCA,256,Test,0.6086956521739131,3
1466,ACA,256,Train,0.96875,3
1467,ACA,256,Test,0.9130434782608695,3
1468,FFI,256,Train,0.24609375,3
1469,FFI,256,Test,0.21739130434782608,3
1470,AMCA,256,Train,1.0,3
1471,AMCA,256,Test,0.9565217391304348,3
1472,MCA,256,Train,0.78125,4
1473,MCA,256,Test,0.6956521739130435,4
1474,ACA,256,Train,0.93359375,4
1475,ACA,256,Test,0.8695652173913043,4
1476,FFI,256,Train,0.2421875,4
1477,FFI,256,Test,0.2608695652173913,4
1478,AMCA,256,Train,0.99609375,4
1479,AMCA,256,Test,0.9130434782608695,4
1480,MCA,256,Train,0.734375,5
1481,MCA,256,Test,0.782608695652174,5
1482,ACA,256,Train,0.99609375,5
1483,ACA,256,Test,0.782608695652174,5
1484,FFI,256,Train,0.2578125,5
1485,FFI,256,Test,0.2608695652173913,5
1486,AMCA,256,Train,1.0,5
1487,AMCA,256,Test,0.8695652173913043,5
1488,MCA,256,Train,0.83984375,6
1489,MCA,256,Test,0.7391304347826086,6
1490,ACA,256,Train,0.96484375,6
1491,ACA,256,Test,0.7391304347826086,6
1492,FFI,256,Train,0.296875,6
1493,FFI,256,Test,0.21739130434782608,6
1494,AMCA,256,Train,0.99609375,6
1495,AMCA,256,Test,0.8260869565217391,6
1496,MCA,256,Train,0.70703125,7
1497,MCA,256,Test,0.5652173913043478,7
1498,ACA,256,Train,0.98046875,7
1499,ACA,256,Test,0.8695652173913043,7
1500,FFI,256,Train,0.28125,7
1501,FFI,256,Test,0.21739130434782608,7
1502,AMCA,256,Train,1.0,7
1503,AMCA,256,Test,0.9130434782608695,7
1504,MCA,256,Train,0.78515625,8
1505,MCA,256,Test,0.7391304347826086,8
1506,ACA,256,Train,0.9609375,8
1507,ACA,256,Test,0.8695652173913043,8
1508,FFI,256,Train,0.234375,8
1509,FFI,256,Test,0.21739130434782608,8
1510,AMCA,256,Train,1.0,8
1511,AMCA,256,Test,0.9565217391304348,8
1512,MCA,256,Train,0.875,9
1513,MCA,256,Test,0.8260869565217391,9
1514,ACA,256,Train,0.9765625,9
1515,ACA,256,Test,0.8260869565217391,9
1516,FFI,256,Train,0.25390625,9
1517,FFI,256,Test,0.13043478260869565,9
1518,AMCA,256,Train,1.0,9
1519,AMCA,256,Test,0.8260869565217391,9
1520,MCA,256,Train,0.66015625,10
1521,MCA,256,Test,0.6086956521739131,10
1522,ACA,256,Train,0.94140625,10
1523,ACA,256,Test,0.782608695652174,10
1524,FFI,256,Train,0.24609375,10
1525,FFI,256,Test,0.2608695652173913,10
1526,AMCA,256,Train,1.0,10
1527,AMCA,256,Test,0.9130434782608695,10
1528,MCA,256,Train,0.703125,11
1529,MCA,256,Test,0.9130434782608695,11
1530,ACA,256,Train,0.9765625,11
1531,ACA,256,Test,0.6086956521739131,11
1532,FFI,256,Train,0.2421875,11
1533,FFI,256,Test,0.2608695652173913,11
1534,AMCA,256,Train,0.99609375,11
1535,AMCA,256,Test,0.6956521739130435,11
1536,MCA,256,Train,0.8125,12
1537,MCA,256,Test,0.9130434782608695,12
1538,ACA,256,Train,0.9609375,12
1539,ACA,256,Test,0.9130434782608695,12
1540,FFI,256,Train,0.25,12
1541,FFI,256,Test,0.30434782608695654,12
1542,AMCA,256,Train,1.0,12
1543,AMCA,256,Test,1.0,12
1544,MCA,256,Train,0.6796875,13
1545,MCA,256,Test,0.6521739130434783,13
1546,ACA,256,Train,0.94140625,13
1547,ACA,256,Test,0.782608695652174,13
1548,FFI,256,Train,0.2578125,13
1549,FFI,256,Test,0.17391304347826086,13
1550,AMCA,256,Train,0.99609375,13
1551,AMCA,256,Test,0.8260869565217391,13
1552,MCA,256,Train,0.7734375,14
1553,MCA,256,Test,0.782608695652174,14
1554,ACA,256,Train,0.91796875,14
1555,ACA,256,Test,0.6956521739130435,14
1556,FFI,256,Train,0.1875,14
1557,FFI,256,Test,0.17391304347826086,14
1558,AMCA,256,Train,0.99609375,14
1559,AMCA,256,Test,0.9130434782608695,14
1560,MCA,273,Train,0.7106227106227107,0
1561,MCA,273,Test,0.6521739130434783,0
1562,ACA,273,Train,0.9084249084249084,0
1563,ACA,273,Test,0.8260869565217391,0
1564,FFI,273,Train,0.2600732600732601,0
1565,FFI,273,Test,0.2608695652173913,0
1566,AMCA,273,Train,0.9963369963369964,0
1567,AMCA,273,Test,1.0,0
1568,MCA,273,Train,0.8461538461538461,1
1569,MCA,273,Test,0.8695652173913043,1
1570,ACA,273,Train,0.9816849816849816,1
1571,ACA,273,Test,0.9130434782608695,1
1572,FFI,273,Train,0.2600732600732601,1
1573,FFI,273,Test,0.30434782608695654,1
1574,AMCA,273,Train,0.9963369963369964,1
1575,AMCA,273,Test,0.9130434782608695,1
1576,MCA,273,Train,0.6923076923076923,2
1577,MCA,273,Test,0.6521739130434783,2
1578,ACA,273,Train,0.989010989010989,2
1579,ACA,273,Test,0.8695652173913043,2
1580,FFI,273,Train,0.2783882783882784,2
1581,FFI,273,Test,0.2608695652173913,2
1582,AMCA,273,Train,1.0,2
1583,AMCA,273,Test,0.9130434782608695,2
1584,MCA,273,Train,0.6813186813186813,3
1585,MCA,273,Test,0.6521739130434783,3
1586,ACA,273,Train,0.967032967032967,3
1587,ACA,273,Test,0.9565217391304348,3
1588,FFI,273,Train,0.27472527472527475,3
1589,FFI,273,Test,0.34782608695652173,3
1590,AMCA,273,Train,0.9963369963369964,3
1591,AMCA,273,Test,0.9565217391304348,3
1592,MCA,273,Train,0.652014652014652,4
1593,MCA,273,Test,0.6086956521739131,4
1594,ACA,273,Train,0.9816849816849816,4
1595,ACA,273,Test,1.0,4
1596,FFI,273,Train,0.2490842490842491,4
1597,FFI,273,Test,0.2608695652173913,4
1598,AMCA,273,Train,1.0,4
1599,AMCA,273,Test,1.0,4
1600,MCA,273,Train,0.7838827838827839,5
1601,MCA,273,Test,0.8260869565217391,5
1602,ACA,273,Train,0.9853479853479854,5
1603,ACA,273,Test,0.9130434782608695,5
1604,FFI,273,Train,0.25274725274725274,5
1605,FFI,273,Test,0.2608695652173913,5
1606,AMCA,273,Train,1.0,5
1607,AMCA,273,Test,0.9130434782608695,5
1608,MCA,273,Train,0.706959706959707,6
1609,MCA,273,Test,0.6956521739130435,6
1610,ACA,273,Train,0.9853479853479854,6
1611,ACA,273,Test,0.782608695652174,6
1612,FFI,273,Train,0.2967032967032967,6
1613,FFI,273,Test,0.2608695652173913,6
1614,AMCA,273,Train,1.0,6
1615,AMCA,273,Test,0.8695652173913043,6
1616,MCA,273,Train,0.706959706959707,7
1617,MCA,273,Test,0.5217391304347826,7
1618,ACA,273,Train,0.967032967032967,7
1619,ACA,273,Test,0.8260869565217391,7
1620,FFI,273,Train,0.2564102564102564,7
1621,FFI,273,Test,0.17391304347826086,7
1622,AMCA,273,Train,0.9963369963369964,7
1623,AMCA,273,Test,0.9130434782608695,7
1624,MCA,273,Train,0.7509157509157509,8
1625,MCA,273,Test,0.7391304347826086,8
1626,ACA,273,Train,0.9816849816849816,8
1627,ACA,273,Test,0.9130434782608695,8
1628,FFI,273,Train,0.23076923076923078,8
1629,FFI,273,Test,0.30434782608695654,8
1630,AMCA,273,Train,1.0,8
1631,AMCA,273,Test,0.9565217391304348,8
1632,MCA,273,Train,0.8021978021978022,9
1633,MCA,273,Test,0.7391304347826086,9
1634,ACA,273,Train,0.9743589743589743,9
1635,ACA,273,Test,0.8695652173913043,9
1636,FFI,273,Train,0.2783882783882784,9
1637,FFI,273,Test,0.13043478260869565,9
1638,AMCA,273,Train,1.0,9
1639,AMCA,273,Test,0.9130434782608695,9
1640,MCA,273,Train,0.7326007326007326,10
1641,MCA,273,Test,0.6086956521739131,10
1642,ACA,273,Train,0.8717948717948718,10
1643,ACA,273,Test,0.6086956521739131,10
1644,FFI,273,Train,0.2783882783882784,10
1645,FFI,273,Test,0.2608695652173913,10
1646,AMCA,273,Train,0.9963369963369964,10
1647,AMCA,273,Test,0.8695652173913043,10
1648,MCA,273,Train,0.8021978021978022,11
1649,MCA,273,Test,0.9130434782608695,11
1650,ACA,273,Train,0.9413919413919414,11
1651,ACA,273,Test,0.6521739130434783,11
1652,FFI,273,Train,0.2600732600732601,11
1653,FFI,273,Test,0.2608695652173913,11
1654,AMCA,273,Train,0.9926739926739927,11
1655,AMCA,273,Test,0.7391304347826086,11
1656,MCA,273,Train,0.7692307692307693,12
1657,MCA,273,Test,0.8260869565217391,12
1658,ACA,273,Train,0.9194139194139194,12
1659,ACA,273,Test,0.8695652173913043,12
1660,FFI,273,Train,0.23443223443223443,12
1661,FFI,273,Test,0.21739130434782608,12
1662,AMCA,273,Train,0.9926739926739927,12
1663,AMCA,273,Test,1.0,12
1664,MCA,273,Train,0.6923076923076923,13
1665,MCA,273,Test,0.7391304347826086,13
1666,ACA,273,Train,0.967032967032967,13
1667,ACA,273,Test,0.782608695652174,13
1668,FFI,273,Train,0.2564102564102564,13
1669,FFI,273,Test,0.17391304347826086,13
1670,AMCA,273,Train,0.9963369963369964,13
1671,AMCA,273,Test,0.8695652173913043,13
1672,MCA,273,Train,0.8095238095238095,14
1673,MCA,273,Test,0.8260869565217391,14
1674,ACA,273,Train,0.9816849816849816,14
1675,ACA,273,Test,0.9130434782608695,14
1676,FFI,273,Train,0.21245421245421245,14
1677,FFI,273,Test,0.17391304347826086,14
1678,AMCA,273,Train,1.0,14
1679,AMCA,273,Test,0.9130434782608695,14
1680,MCA,291,Train,0.7044673539518901,0
1681,MCA,291,Test,0.6956521739130435,0
1682,ACA,291,Train,0.8831615120274914,0
1683,ACA,291,Test,0.6956521739130435,0
1684,FFI,291,Train,0.2508591065292096,0
1685,FFI,291,Test,0.17391304347826086,0
1686,AMCA,291,Train,0.9896907216494846,0
1687,AMCA,291,Test,0.9565217391304348,0
1688,MCA,291,Train,0.7525773195876289,1
1689,MCA,291,Test,0.782608695652174,1
1690,ACA,291,Train,0.979381443298969,1
1691,ACA,291,Test,0.9565217391304348,1
1692,FFI,291,Train,0.26804123711340205,1
1693,FFI,291,Test,0.30434782608695654,1
1694,AMCA,291,Train,1.0,1
1695,AMCA,291,Test,0.9565217391304348,1
1696,MCA,291,Train,0.7353951890034365,2
1697,MCA,291,Test,0.6956521739130435,2
1698,ACA,291,Train,0.9553264604810997,2
1699,ACA,291,Test,0.9130434782608695,2
1700,FFI,291,Train,0.2611683848797251,2
1701,FFI,291,Test,0.2608695652173913,2
1702,AMCA,291,Train,0.9896907216494846,2
1703,AMCA,291,Test,0.9565217391304348,2
1704,MCA,291,Train,0.7319587628865979,3
1705,MCA,291,Test,0.6956521739130435,3
1706,ACA,291,Train,0.9175257731958762,3
1707,ACA,291,Test,0.782608695652174,3
1708,FFI,291,Train,0.29896907216494845,3
1709,FFI,291,Test,0.34782608695652173,3
1710,AMCA,291,Train,0.9965635738831615,3
1711,AMCA,291,Test,1.0,3
1712,MCA,291,Train,0.7594501718213058,4
1713,MCA,291,Test,0.6956521739130435,4
1714,ACA,291,Train,0.9759450171821306,4
1715,ACA,291,Test,0.9565217391304348,4
1716,FFI,291,Train,0.23367697594501718,4
1717,FFI,291,Test,0.2608695652173913,4
1718,AMCA,291,Train,1.0,4
1719,AMCA,291,Test,0.9565217391304348,4
1720,MCA,291,Train,0.7835051546391752,5
1721,MCA,291,Test,0.782608695652174,5
1722,ACA,291,Train,0.9725085910652921,5
1723,ACA,291,Test,0.8695652173913043,5
1724,FFI,291,Train,0.2646048109965636,5
1725,FFI,291,Test,0.30434782608695654,5
1726,AMCA,291,Train,0.9965635738831615,5
1727,AMCA,291,Test,0.9130434782608695,5
1728,MCA,291,Train,0.872852233676976,6
1729,MCA,291,Test,0.782608695652174,6
1730,ACA,291,Train,0.9518900343642611,6
1731,ACA,291,Test,0.782608695652174,6
1732,FFI,291,Train,0.2920962199312715,6
1733,FFI,291,Test,0.2608695652173913,6
1734,AMCA,291,Train,1.0,6
1735,AMCA,291,Test,0.8695652173913043,6
1736,MCA,291,Train,0.8006872852233677,7
1737,MCA,291,Test,0.6086956521739131,7
1738,ACA,291,Train,0.9381443298969072,7
1739,ACA,291,Test,0.782608695652174,7
1740,FFI,291,Train,0.2646048109965636,7
1741,FFI,291,Test,0.17391304347826086,7
1742,AMCA,291,Train,0.9965635738831615,7
1743,AMCA,291,Test,0.9565217391304348,7
1744,MCA,291,Train,0.7869415807560137,8
1745,MCA,291,Test,0.8695652173913043,8
1746,ACA,291,Train,0.9828178694158075,8
1747,ACA,291,Test,0.9130434782608695,8
1748,FFI,291,Train,0.25773195876288657,8
1749,FFI,291,Test,0.2608695652173913,8
1750,AMCA,291,Train,1.0,8
1751,AMCA,291,Test,0.9130434782608695,8
1752,MCA,291,Train,0.8144329896907216,9
1753,MCA,291,Test,0.6956521739130435,9
1754,ACA,291,Train,0.9725085910652921,9
1755,ACA,291,Test,0.9130434782608695,9
1756,FFI,291,Train,0.28865979381443296,9
1757,FFI,291,Test,0.08695652173913043,9
1758,AMCA,291,Train,0.9965635738831615,9
1759,AMCA,291,Test,0.9130434782608695,9
1760,MCA,291,Train,0.7938144329896907,10
1761,MCA,291,Test,0.6956521739130435,10
1762,ACA,291,Train,0.9725085910652921,10
1763,ACA,291,Test,0.8260869565217391,10
1764,FFI,291,Train,0.24054982817869416,10
1765,FFI,291,Test,0.2608695652173913,10
1766,AMCA,291,Train,0.9965635738831615,10
1767,AMCA,291,Test,0.8695652173913043,10
1768,MCA,291,Train,0.8075601374570447,11
1769,MCA,291,Test,0.8695652173913043,11
1770,ACA,291,Train,0.9862542955326461,11
1771,ACA,291,Test,0.7391304347826086,11
1772,FFI,291,Train,0.24398625429553264,11
1773,FFI,291,Test,0.21739130434782608,11
1774,AMCA,291,Train,0.9965635738831615,11
1775,AMCA,291,Test,0.782608695652174,11
1776,MCA,291,Train,0.738831615120275,12
1777,MCA,291,Test,0.8260869565217391,12
1778,ACA,291,Train,0.9553264604810997,12
1779,ACA,291,Test,0.8260869565217391,12
1780,FFI,291,Train,0.21993127147766323,12
1781,FFI,291,Test,0.30434782608695654,12
1782,AMCA,291,Train,1.0,12
1783,AMCA,291,Test,1.0,12
1784,MCA,291,Train,0.8109965635738832,13
1785,MCA,291,Test,0.782608695652174,13
1786,ACA,291,Train,0.9896907216494846,13
1787,ACA,291,Test,0.6956521739130435,13
1788,FFI,291,Train,0.27835051546391754,13
1789,FFI,291,Test,0.17391304347826086,13
1790,AMCA,291,Train,1.0,13
1791,AMCA,291,Test,0.782608695652174,13
1792,MCA,291,Train,0.7628865979381443,14
1793,MCA,291,Test,0.7391304347826086,14
1794,ACA,291,Train,0.9656357388316151,14
1795,ACA,291,Test,0.8695652173913043,14
1796,FFI,291,Train,0.23024054982817868,14
1797,FFI,291,Test,0.2608695652173913,14
1798,AMCA,291,Train,0.993127147766323,14
1799,AMCA,291,Test,0.8695652173913043,14
1800,MCA,308,Train,0.8798701298701299,0
1801,MCA,308,Test,0.8260869565217391,0
1802,ACA,308,Train,0.948051948051948,0
1803,ACA,308,Test,0.8260869565217391,0
1804,FFI,308,Train,0.2564935064935065,0
1805,FFI,308,Test,0.30434782608695654,0
1806,AMCA,308,Train,0.9967532467532467,0
1807,AMCA,308,Test,1.0,0
1808,MCA,308,Train,0.7305194805194806,1
1809,MCA,308,Test,0.782608695652174,1
1810,ACA,308,Train,0.9902597402597403,1
1811,ACA,308,Test,1.0,1
1812,FFI,308,Train,0.2532467532467532,1
1813,FFI,308,Test,0.2608695652173913,1
1814,AMCA,308,Train,1.0,1
1815,AMCA,308,Test,1.0,1
1816,MCA,308,Train,0.7435064935064936,2
1817,MCA,308,Test,0.7391304347826086,2
1818,ACA,308,Train,0.9837662337662337,2
1819,ACA,308,Test,0.9130434782608695,2
1820,FFI,308,Train,0.2597402597402597,2
1821,FFI,308,Test,0.21739130434782608,2
1822,AMCA,308,Train,1.0,2
1823,AMCA,308,Test,0.9565217391304348,2
1824,MCA,308,Train,0.8993506493506493,3
1825,MCA,308,Test,0.9565217391304348,3
1826,ACA,308,Train,0.9545454545454546,3
1827,ACA,308,Test,0.9565217391304348,3
1828,FFI,308,Train,0.2857142857142857,3
1829,FFI,308,Test,0.34782608695652173,3
1830,AMCA,308,Train,0.9935064935064936,3
1831,AMCA,308,Test,1.0,3
1832,MCA,308,Train,0.685064935064935,4
1833,MCA,308,Test,0.7391304347826086,4
1834,ACA,308,Train,0.974025974025974,4
1835,ACA,308,Test,0.9130434782608695,4
1836,FFI,308,Train,0.25,4
1837,FFI,308,Test,0.21739130434782608,4
1838,AMCA,308,Train,1.0,4
1839,AMCA,308,Test,0.9565217391304348,4
1840,MCA,308,Train,0.775974025974026,5
1841,MCA,308,Test,0.782608695652174,5
1842,ACA,308,Train,0.948051948051948,5
1843,ACA,308,Test,0.8260869565217391,5
1844,FFI,308,Train,0.237012987012987,5
1845,FFI,308,Test,0.21739130434782608,5
1846,AMCA,308,Train,0.9967532467532467,5
1847,AMCA,308,Test,0.9565217391304348,5
1848,MCA,308,Train,0.801948051948052,6
1849,MCA,308,Test,0.6956521739130435,6
1850,ACA,308,Train,0.9707792207792207,6
1851,ACA,308,Test,0.8260869565217391,6
1852,FFI,308,Train,0.24025974025974026,6
1853,FFI,308,Test,0.17391304347826086,6
1854,AMCA,308,Train,1.0,6
1855,AMCA,308,Test,0.8695652173913043,6
1856,MCA,308,Train,0.8116883116883117,7
1857,MCA,308,Test,0.6086956521739131,7
1858,ACA,308,Train,0.9902597402597403,7
1859,ACA,308,Test,0.782608695652174,7
1860,FFI,308,Train,0.2564935064935065,7
1861,FFI,308,Test,0.17391304347826086,7
1862,AMCA,308,Train,1.0,7
1863,AMCA,308,Test,0.8695652173913043,7
1864,MCA,308,Train,0.7272727272727273,8
1865,MCA,308,Test,0.782608695652174,8
1866,ACA,308,Train,0.9837662337662337,8
1867,ACA,308,Test,0.8695652173913043,8
1868,FFI,308,Train,0.262987012987013,8
1869,FFI,308,Test,0.21739130434782608,8
1870,AMCA,308,Train,1.0,8
1871,AMCA,308,Test,0.9565217391304348,8
1872,MCA,308,Train,0.814935064935065,9
1873,MCA,308,Test,0.7391304347826086,9
1874,ACA,308,Train,0.9772727272727273,9
1875,ACA,308,Test,0.8695652173913043,9
1876,FFI,308,Train,0.288961038961039,9
1877,FFI,308,Test,0.17391304347826086,9
1878,AMCA,308,Train,0.9967532467532467,9
1879,AMCA,308,Test,0.9130434782608695,9
1880,MCA,308,Train,0.672077922077922,10
1881,MCA,308,Test,0.6086956521739131,10
1882,ACA,308,Train,0.9837662337662337,10
1883,ACA,308,Test,0.8695652173913043,10
1884,FFI,308,Train,0.262987012987013,10
1885,FFI,308,Test,0.17391304347826086,10
1886,AMCA,308,Train,1.0,10
1887,AMCA,308,Test,0.8695652173913043,10
1888,MCA,308,Train,0.7564935064935064,11
1889,MCA,308,Test,0.8260869565217391,11
1890,ACA,308,Train,0.9642857142857143,11
1891,ACA,308,Test,0.7391304347826086,11
1892,FFI,308,Train,0.21103896103896103,11
1893,FFI,308,Test,0.17391304347826086,11
1894,AMCA,308,Train,0.9967532467532467,11
1895,AMCA,308,Test,0.8260869565217391,11
1896,MCA,308,Train,0.8474025974025974,12
1897,MCA,308,Test,0.9565217391304348,12
1898,ACA,308,Train,0.9253246753246753,12
1899,ACA,308,Test,0.8695652173913043,12
1900,FFI,308,Train,0.22077922077922077,12
1901,FFI,308,Test,0.2608695652173913,12
1902,AMCA,308,Train,1.0,12
1903,AMCA,308,Test,1.0,12
1904,MCA,308,Train,0.7987012987012987,13
1905,MCA,308,Test,0.8260869565217391,13
1906,ACA,308,Train,0.9902597402597403,13
1907,ACA,308,Test,0.782608695652174,13
1908,FFI,308,Train,0.288961038961039,13
1909,FFI,308,Test,0.17391304347826086,13
1910,AMCA,308,Train,1.0,13
1911,AMCA,308,Test,0.9130434782608695,13
1912,MCA,308,Train,0.7045454545454546,14
1913,MCA,308,Test,0.7391304347826086,14
1914,ACA,308,Train,0.9837662337662337,14
1915,ACA,308,Test,0.9130434782608695,14
1916,FFI,308,Train,0.21103896103896103,14
1917,FFI,308,Test,0.17391304347826086,14
1918,AMCA,308,Train,1.0,14
1919,AMCA,308,Test,0.9130434782608695,14
1920,MCA,325,Train,0.8369230769230769,0
1921,MCA,325,Test,0.7391304347826086,0
1922,ACA,325,Train,0.9815384615384616,0
1923,ACA,325,Test,0.6956521739130435,0
1924,FFI,325,Train,0.24307692307692308,0
1925,FFI,325,Test,0.21739130434782608,0
1926,AMCA,325,Train,0.9969230769230769,0
1927,AMCA,325,Test,0.8260869565217391,0
1928,MCA,325,Train,0.7938461538461539,1
1929,MCA,325,Test,0.8695652173913043,1
1930,ACA,325,Train,0.9569230769230769,1
1931,ACA,325,Test,0.9565217391304348,1
1932,FFI,325,Train,0.24307692307692308,1
1933,FFI,325,Test,0.30434782608695654,1
1934,AMCA,325,Train,0.9969230769230769,1
1935,AMCA,325,Test,0.9565217391304348,1
1936,MCA,325,Train,0.8,2
1937,MCA,325,Test,0.8260869565217391,2
1938,ACA,325,Train,0.9692307692307692,2
1939,ACA,325,Test,0.9565217391304348,2
1940,FFI,325,Train,0.28307692307692306,2
1941,FFI,325,Test,0.17391304347826086,2
1942,AMCA,325,Train,0.9938461538461538,2
1943,AMCA,325,Test,1.0,2
1944,MCA,325,Train,0.8738461538461538,3
1945,MCA,325,Test,0.8695652173913043,3
1946,ACA,325,Train,0.9692307692307692,3
1947,ACA,325,Test,0.9565217391304348,3
1948,FFI,325,Train,0.28,3
1949,FFI,325,Test,0.30434782608695654,3
1950,AMCA,325,Train,1.0,3
1951,AMCA,325,Test,1.0,3
1952,MCA,325,Train,0.8523076923076923,4
1953,MCA,325,Test,0.8695652173913043,4
1954,ACA,325,Train,0.9507692307692308,4
1955,ACA,325,Test,0.9130434782608695,4
1956,FFI,325,Train,0.23692307692307693,4
1957,FFI,325,Test,0.21739130434782608,4
1958,AMCA,325,Train,1.0,4
1959,AMCA,325,Test,0.9565217391304348,4
1960,MCA,325,Train,0.8769230769230769,5
1961,MCA,325,Test,0.8695652173913043,5
1962,ACA,325,Train,0.9753846153846154,5
1963,ACA,325,Test,0.8260869565217391,5
1964,FFI,325,Train,0.24,5
1965,FFI,325,Test,0.2608695652173913,5
1966,AMCA,325,Train,1.0,5
1967,AMCA,325,Test,0.8695652173913043,5
1968,MCA,325,Train,0.8307692307692308,6
1969,MCA,325,Test,0.7391304347826086,6
1970,ACA,325,Train,0.9784615384615385,6
1971,ACA,325,Test,0.782608695652174,6
1972,FFI,325,Train,0.26153846153846155,6
1973,FFI,325,Test,0.13043478260869565,6
1974,AMCA,325,Train,0.9938461538461538,6
1975,AMCA,325,Test,1.0,6
1976,MCA,325,Train,0.7938461538461539,7
1977,MCA,325,Test,0.7391304347826086,7
1978,ACA,325,Train,0.9876923076923076,7
1979,ACA,325,Test,0.782608695652174,7
1980,FFI,325,Train,0.20923076923076922,7
1981,FFI,325,Test,0.17391304347826086,7
1982,AMCA,325,Train,1.0,7
1983,AMCA,325,Test,0.8695652173913043,7
1984,MCA,325,Train,0.7507692307692307,8
1985,MCA,325,Test,0.8260869565217391,8
1986,ACA,325,Train,0.9384615384615385,8
1987,ACA,325,Test,0.9130434782608695,8
1988,FFI,325,Train,0.27384615384615385,8
1989,FFI,325,Test,0.2608695652173913,8
1990,AMCA,325,Train,0.9969230769230769,8
1991,AMCA,325,Test,1.0,8
1992,MCA,325,Train,0.8861538461538462,9
1993,MCA,325,Test,0.8260869565217391,9
1994,ACA,325,Train,0.9876923076923076,9
1995,ACA,325,Test,0.9130434782608695,9
1996,FFI,325,Train,0.2276923076923077,9
1997,FFI,325,Test,0.13043478260869565,9
1998,AMCA,325,Train,1.0,9
1999,AMCA,325,Test,0.9130434782608695,9
2000,MCA,325,Train,0.7138461538461538,10
2001,MCA,325,Test,0.6521739130434783,10
2002,ACA,325,Train,0.9815384615384616,10
2003,ACA,325,Test,0.8260869565217391,10
2004,FFI,325,Train,0.24307692307692308,10
2005,FFI,325,Test,0.17391304347826086,10
2006,AMCA,325,Train,1.0,10
2007,AMCA,325,Test,0.8695652173913043,10
2008,MCA,325,Train,0.8061538461538461,11
2009,MCA,325,Test,0.8260869565217391,11
2010,ACA,325,Train,0.9569230769230769,11
2011,ACA,325,Test,0.782608695652174,11
2012,FFI,325,Train,0.21846153846153846,11
2013,FFI,325,Test,0.21739130434782608,11
2014,AMCA,325,Train,0.9969230769230769,11
2015,AMCA,325,Test,0.8695652173913043,11
2016,MCA,325,Train,0.7907692307692308,12
2017,MCA,325,Test,0.8695652173913043,12
2018,ACA,325,Train,0.9784615384615385,12
2019,ACA,325,Test,0.9565217391304348,12
2020,FFI,325,Train,0.23692307692307693,12
2021,FFI,325,Test,0.30434782608695654,12
2022,AMCA,325,Train,0.9969230769230769,12
2023,AMCA,325,Test,0.9565217391304348,12
2024,MCA,325,Train,0.7323076923076923,13
2025,MCA,325,Test,0.6956521739130435,13
2026,ACA,325,Train,0.963076923076923,13
2027,ACA,325,Test,0.782608695652174,13
2028,FFI,325,Train,0.27076923076923076,13
2029,FFI,325,Test,0.2608695652173913,13
2030,AMCA,325,Train,0.9969230769230769,13
2031,AMCA,325,Test,0.8695652173913043,13
2032,MCA,325,Train,0.84,14
2033,MCA,325,Test,0.8695652173913043,14
2034,ACA,325,Train,0.9538461538461539,14
2035,ACA,325,Test,0.9130434782608695,14
2036,FFI,325,Train,0.23384615384615384,14
2037,FFI,325,Test,0.17391304347826086,14
2038,AMCA,325,Train,0.9969230769230769,14
2039,AMCA,325,Test,0.9565217391304348,14
2040,MCA,343,Train,0.9154518950437318,0
2041,MCA,343,Test,0.782608695652174,0
2042,ACA,343,Train,0.9387755102040817,0
2043,ACA,343,Test,0.8260869565217391,0
2044,FFI,343,Train,0.2303206997084548,0
2045,FFI,343,Test,0.21739130434782608,0
2046,AMCA,343,Train,0.9970845481049563,0
2047,AMCA,343,Test,1.0,0
2048,MCA,343,Train,0.8513119533527697,1
2049,MCA,343,Test,0.8695652173913043,1
2050,ACA,343,Train,0.9446064139941691,1
2051,ACA,343,Test,0.9565217391304348,1
2052,FFI,343,Train,0.23323615160349853,1
2053,FFI,343,Test,0.30434782608695654,1
2054,AMCA,343,Train,1.0,1
2055,AMCA,343,Test,0.9565217391304348,1
2056,MCA,343,Train,0.7900874635568513,2
2057,MCA,343,Test,0.8260869565217391,2
2058,ACA,343,Train,0.9825072886297376,2
2059,ACA,343,Test,0.9130434782608695,2
2060,FFI,343,Train,0.2857142857142857,2
2061,FFI,343,Test,0.21739130434782608,2
2062,AMCA,343,Train,1.0,2
2063,AMCA,343,Test,1.0,2
2064,MCA,343,Train,0.7842565597667639,3
2065,MCA,343,Test,0.8260869565217391,3
2066,ACA,343,Train,0.9475218658892128,3
2067,ACA,343,Test,1.0,3
2068,FFI,343,Train,0.2886297376093295,3
2069,FFI,343,Test,0.30434782608695654,3
2070,AMCA,343,Train,0.9970845481049563,3
2071,AMCA,343,Test,1.0,3
2072,MCA,343,Train,0.8192419825072886,4
2073,MCA,343,Test,0.782608695652174,4
2074,ACA,343,Train,0.924198250728863,4
2075,ACA,343,Test,0.782608695652174,4
2076,FFI,343,Train,0.22740524781341107,4
2077,FFI,343,Test,0.2608695652173913,4
2078,AMCA,343,Train,0.9970845481049563,4
2079,AMCA,343,Test,0.9565217391304348,4
2080,MCA,343,Train,0.8367346938775511,5
2081,MCA,343,Test,0.782608695652174,5
2082,ACA,343,Train,0.9475218658892128,5
2083,ACA,343,Test,0.782608695652174,5
2084,FFI,343,Train,0.23323615160349853,5
2085,FFI,343,Test,0.2608695652173913,5
2086,AMCA,343,Train,0.9970845481049563,5
2087,AMCA,343,Test,0.9565217391304348,5
2088,MCA,343,Train,0.9125364431486881,6
2089,MCA,343,Test,0.782608695652174,6
2090,ACA,343,Train,0.9183673469387755,6
2091,ACA,343,Test,0.782608695652174,6
2092,FFI,343,Train,0.26822157434402333,6
2093,FFI,343,Test,0.17391304347826086,6
2094,AMCA,343,Train,0.9970845481049563,6
2095,AMCA,343,Test,1.0,6
2096,MCA,343,Train,0.8483965014577259,7
2097,MCA,343,Test,0.6956521739130435,7
2098,ACA,343,Train,0.9329446064139941,7
2099,ACA,343,Test,0.8695652173913043,7
2100,FFI,343,Train,0.22157434402332363,7
2101,FFI,343,Test,0.21739130434782608,7
2102,AMCA,343,Train,1.0,7
2103,AMCA,343,Test,0.9130434782608695,7
2104,MCA,343,Train,0.7580174927113703,8
2105,MCA,343,Test,0.782608695652174,8
2106,ACA,343,Train,0.9300291545189504,8
2107,ACA,343,Test,0.8695652173913043,8
2108,FFI,343,Train,0.24198250728862974,8
2109,FFI,343,Test,0.21739130434782608,8
2110,AMCA,343,Train,0.9970845481049563,8
2111,AMCA,343,Test,1.0,8
2112,MCA,343,Train,0.8163265306122449,9
2113,MCA,343,Test,0.782608695652174,9
2114,ACA,343,Train,0.9533527696793003,9
2115,ACA,343,Test,0.8695652173913043,9
2116,FFI,343,Train,0.21865889212827988,9
2117,FFI,343,Test,0.17391304347826086,9
2118,AMCA,343,Train,1.0,9
2119,AMCA,343,Test,0.8695652173913043,9
2120,MCA,343,Train,0.749271137026239,10
2121,MCA,343,Test,0.6956521739130435,10
2122,ACA,343,Train,0.9737609329446064,10
2123,ACA,343,Test,0.8260869565217391,10
2124,FFI,343,Train,0.2594752186588921,10
2125,FFI,343,Test,0.17391304347826086,10
2126,AMCA,343,Train,1.0,10
2127,AMCA,343,Test,0.8695652173913043,10
2128,MCA,343,Train,0.8309037900874635,11
2129,MCA,343,Test,0.8260869565217391,11
2130,ACA,343,Train,0.9620991253644315,11
2131,ACA,343,Test,0.782608695652174,11
2132,FFI,343,Train,0.23323615160349853,11
2133,FFI,343,Test,0.17391304347826086,11
2134,AMCA,343,Train,0.9970845481049563,11
2135,AMCA,343,Test,0.8695652173913043,11
2136,MCA,343,Train,0.7405247813411079,12
2137,MCA,343,Test,0.8260869565217391,12
2138,ACA,343,Train,0.9708454810495627,12
2139,ACA,343,Test,0.9130434782608695,12
2140,FFI,343,Train,0.23323615160349853,12
2141,FFI,343,Test,0.21739130434782608,12
2142,AMCA,343,Train,0.9970845481049563,12
2143,AMCA,343,Test,1.0,12
2144,MCA,343,Train,0.7142857142857143,13
2145,MCA,343,Test,0.6956521739130435,13
2146,ACA,343,Train,0.9504373177842566,13
2147,ACA,343,Test,0.8260869565217391,13
2148,FFI,343,Train,0.2653061224489796,13
2149,FFI,343,Test,0.2608695652173913,13
2150,AMCA,343,Train,0.9970845481049563,13
2151,AMCA,343,Test,0.9565217391304348,13
2152,MCA,343,Train,0.8104956268221575,14
2153,MCA,343,Test,0.8260869565217391,14
2154,ACA,343,Train,0.9912536443148688,14
2155,ACA,343,Test,0.9130434782608695,14
2156,FFI,343,Train,0.24489795918367346,14
2157,FFI,343,Test,0.34782608695652173,14
2158,AMCA,343,Train,1.0,14
2159,AMCA,343,Test,0.9565217391304348,14
2160,MCA,360,Train,0.75,0
2161,MCA,360,Test,0.6956521739130435,0
2162,ACA,360,Train,0.9416666666666667,0
2163,ACA,360,Test,0.8695652173913043,0
2164,FFI,360,Train,0.23333333333333334,0
2165,FFI,360,Test,0.30434782608695654,0
2166,AMCA,360,Train,0.9972222222222222,0
2167,AMCA,360,Test,1.0,0
2168,MCA,360,Train,0.85,1
2169,MCA,360,Test,0.9130434782608695,1
2170,ACA,360,Train,0.95,1
2171,ACA,360,Test,0.9565217391304348,1
2172,FFI,360,Train,0.23333333333333334,1
2173,FFI,360,Test,0.30434782608695654,1
2174,AMCA,360,Train,1.0,1
2175,AMCA,360,Test,1.0,1
2176,MCA,360,Train,0.7916666666666666,2
2177,MCA,360,Test,0.782608695652174,2
2178,ACA,360,Train,0.9638888888888889,2
2179,ACA,360,Test,0.9130434782608695,2
2180,FFI,360,Train,0.28888888888888886,2
2181,FFI,360,Test,0.2608695652173913,2
2182,AMCA,360,Train,0.9944444444444445,2
2183,AMCA,360,Test,0.9565217391304348,2
2184,MCA,360,Train,0.8277777777777777,3
2185,MCA,360,Test,0.782608695652174,3
2186,ACA,360,Train,0.9527777777777777,3
2187,ACA,360,Test,0.9130434782608695,3
2188,FFI,360,Train,0.2611111111111111,3
2189,FFI,360,Test,0.34782608695652173,3
2190,AMCA,360,Train,0.9972222222222222,3
2191,AMCA,360,Test,0.9565217391304348,3
2192,MCA,360,Train,0.8166666666666667,4
2193,MCA,360,Test,0.782608695652174,4
2194,ACA,360,Train,0.9277777777777778,4
2195,ACA,360,Test,0.9130434782608695,4
2196,FFI,360,Train,0.24166666666666667,4
2197,FFI,360,Test,0.2608695652173913,4
2198,AMCA,360,Train,0.9972222222222222,4
2199,AMCA,360,Test,1.0,4
2200,MCA,360,Train,0.7666666666666667,5
2201,MCA,360,Test,0.8260869565217391,5
2202,ACA,360,Train,0.9222222222222223,5
2203,ACA,360,Test,0.782608695652174,5
2204,FFI,360,Train,0.26666666666666666,5
2205,FFI,360,Test,0.21739130434782608,5
2206,AMCA,360,Train,0.9972222222222222,5
2207,AMCA,360,Test,0.9565217391304348,5
2208,MCA,360,Train,0.8611111111111112,6
2209,MCA,360,Test,0.782608695652174,6
2210,ACA,360,Train,0.925,6
2211,ACA,360,Test,0.7391304347826086,6
2212,FFI,360,Train,0.26944444444444443,6
2213,FFI,360,Test,0.21739130434782608,6
2214,AMCA,360,Train,0.9972222222222222,6
2215,AMCA,360,Test,0.9565217391304348,6
2216,MCA,360,Train,0.9083333333333333,7
2217,MCA,360,Test,0.8260869565217391,7
2218,ACA,360,Train,0.9722222222222222,7
2219,ACA,360,Test,0.8260869565217391,7
2220,FFI,360,Train,0.22777777777777777,7
2221,FFI,360,Test,0.21739130434782608,7
2222,AMCA,360,Train,1.0,7
2223,AMCA,360,Test,0.9130434782608695,7
2224,MCA,360,Train,0.75,8
2225,MCA,360,Test,0.8260869565217391,8
2226,ACA,360,Train,0.9638888888888889,8
2227,ACA,360,Test,1.0,8
2228,FFI,360,Train,0.24722222222222223,8
2229,FFI,360,Test,0.21739130434782608,8
2230,AMCA,360,Train,0.9972222222222222,8
2231,AMCA,360,Test,1.0,8
2232,MCA,360,Train,0.8555555555555555,9
2233,MCA,360,Test,0.8260869565217391,9
2234,ACA,360,Train,0.9361111111111111,9
2235,ACA,360,Test,0.8695652173913043,9
2236,FFI,360,Train,0.24444444444444444,9
2237,FFI,360,Test,0.17391304347826086,9
2238,AMCA,360,Train,0.9972222222222222,9
2239,AMCA,360,Test,0.9565217391304348,9
2240,MCA,360,Train,0.8472222222222222,10
2241,MCA,360,Test,0.782608695652174,10
2242,ACA,360,Train,0.9444444444444444,10
2243,ACA,360,Test,0.8695652173913043,10
2244,FFI,360,Train,0.275,10
2245,FFI,360,Test,0.21739130434782608,10
2246,AMCA,360,Train,0.9972222222222222,10
2247,AMCA,360,Test,0.9130434782608695,10
2248,MCA,360,Train,0.8333333333333334,11
2249,MCA,360,Test,0.8695652173913043,11
2250,ACA,360,Train,0.9694444444444444,11
2251,ACA,360,Test,0.7391304347826086,11
2252,FFI,360,Train,0.22777777777777777,11
2253,FFI,360,Test,0.17391304347826086,11
2254,AMCA,360,Train,0.9972222222222222,11
2255,AMCA,360,Test,0.8695652173913043,11
2256,MCA,360,Train,0.75,12
2257,MCA,360,Test,0.8260869565217391,12
2258,ACA,360,Train,0.95,12
2259,ACA,360,Test,0.8695652173913043,12
2260,FFI,360,Train,0.2361111111111111,12
2261,FFI,360,Test,0.2608695652173913,12
2262,AMCA,360,Train,0.9972222222222222,12
2263,AMCA,360,Test,1.0,12
2264,MCA,360,Train,0.75,13
2265,MCA,360,Test,0.782608695652174,13
2266,ACA,360,Train,0.95,13
2267,ACA,360,Test,0.7391304347826086,13
2268,FFI,360,Train,0.24166666666666667,13
2269,FFI,360,Test,0.2608695652173913,13
2270,AMCA,360,Train,0.9972222222222222,13
2271,AMCA,360,Test,0.9565217391304348,13
2272,MCA,360,Train,0.8277777777777777,14
2273,MCA,360,Test,0.8695652173913043,14
2274,ACA,360,Train,0.9861111111111112,14
2275,ACA,360,Test,0.9565217391304348,14
2276,FFI,360,Train,0.2638888888888889,14
2277,FFI,360,Test,0.17391304347826086,14
2278,AMCA,360,Train,0.9972222222222222,14
2279,AMCA,360,Test,0.9565217391304348,14
2280,MCA,378,Train,0.7751322751322751,0
2281,MCA,378,Test,0.7391304347826086,0
2282,ACA,378,Train,0.9629629629629629,0
2283,ACA,378,Test,0.9130434782608695,0
2284,FFI,378,Train,0.2724867724867725,0
2285,FFI,378,Test,0.08695652173913043,0
2286,AMCA,378,Train,1.0,0
2287,AMCA,378,Test,0.9565217391304348,0
2288,MCA,378,Train,0.7354497354497355,1
2289,MCA,378,Test,0.8260869565217391,1
2290,ACA,378,Train,0.9497354497354498,1
2291,ACA,378,Test,1.0,1
2292,FFI,378,Train,0.25925925925925924,1
2293,FFI,378,Test,0.30434782608695654,1
2294,AMCA,378,Train,1.0,1
2295,AMCA,378,Test,1.0,1
2296,MCA,378,Train,0.7751322751322751,2
2297,MCA,378,Test,0.782608695652174,2
2298,ACA,378,Train,0.9312169312169312,2
2299,ACA,378,Test,0.8260869565217391,2
2300,FFI,378,Train,0.2804232804232804,2
2301,FFI,378,Test,0.2608695652173913,2
2302,AMCA,378,Train,0.9973544973544973,2
2303,AMCA,378,Test,1.0,2
2304,MCA,378,Train,0.828042328042328,3
2305,MCA,378,Test,0.8695652173913043,3
2306,ACA,378,Train,0.9708994708994709,3
2307,ACA,378,Test,1.0,3
2308,FFI,378,Train,0.26455026455026454,3
2309,FFI,378,Test,0.21739130434782608,3
2310,AMCA,378,Train,1.0,3
2311,AMCA,378,Test,1.0,3
2312,MCA,378,Train,0.8095238095238095,4
2313,MCA,378,Test,0.782608695652174,4
2314,ACA,378,Train,0.9391534391534392,4
2315,ACA,378,Test,0.9130434782608695,4
2316,FFI,378,Train,0.2698412698412698,4
2317,FFI,378,Test,0.17391304347826086,4
2318,AMCA,378,Train,0.9973544973544973,4
2319,AMCA,378,Test,0.9565217391304348,4
2320,MCA,378,Train,0.791005291005291,5
2321,MCA,378,Test,0.782608695652174,5
2322,ACA,378,Train,0.9338624338624338,5
2323,ACA,378,Test,0.782608695652174,5
2324,FFI,378,Train,0.24338624338624337,5
2325,FFI,378,Test,0.2608695652173913,5
2326,AMCA,378,Train,0.9973544973544973,5
2327,AMCA,378,Test,0.9565217391304348,5
2328,MCA,378,Train,0.8518518518518519,6
2329,MCA,378,Test,0.8260869565217391,6
2330,ACA,378,Train,0.9417989417989417,6
2331,ACA,378,Test,0.782608695652174,6
2332,FFI,378,Train,0.26455026455026454,6
2333,FFI,378,Test,0.2608695652173913,6
2334,AMCA,378,Train,0.9973544973544973,6
2335,AMCA,378,Test,1.0,6
2336,MCA,378,Train,0.8492063492063492,7
2337,MCA,378,Test,0.8260869565217391,7
2338,ACA,378,Train,0.9761904761904762,7
2339,ACA,378,Test,0.8260869565217391,7
2340,FFI,378,Train,0.25925925925925924,7
2341,FFI,378,Test,0.21739130434782608,7
2342,AMCA,378,Train,1.0,7
2343,AMCA,378,Test,0.9130434782608695,7
2344,MCA,378,Train,0.8650793650793651,8
2345,MCA,378,Test,0.8695652173913043,8
2346,ACA,378,Train,0.9523809523809523,8
2347,ACA,378,Test,0.9565217391304348,8
2348,FFI,378,Train,0.23544973544973544,8
2349,FFI,378,Test,0.34782608695652173,8
2350,AMCA,378,Train,0.9973544973544973,8
2351,AMCA,378,Test,1.0,8
2352,MCA,378,Train,0.8862433862433863,9
2353,MCA,378,Test,0.8260869565217391,9
2354,ACA,378,Train,0.9708994708994709,9
2355,ACA,378,Test,0.8695652173913043,9
2356,FFI,378,Train,0.23809523809523808,9
2357,FFI,378,Test,0.17391304347826086,9
2358,AMCA,378,Train,1.0,9
2359,AMCA,378,Test,0.9130434782608695,9
2360,MCA,378,Train,0.8253968253968254,10
2361,MCA,378,Test,0.7391304347826086,10
2362,ACA,378,Train,0.9603174603174603,10
2363,ACA,378,Test,0.8695652173913043,10
2364,FFI,378,Train,0.2724867724867725,10
2365,FFI,378,Test,0.21739130434782608,10
2366,AMCA,378,Train,1.0,10
2367,AMCA,378,Test,0.8695652173913043,10
2368,MCA,378,Train,0.8201058201058201,11
2369,MCA,378,Test,0.8260869565217391,11
2370,ACA,378,Train,0.9523809523809523,11
2371,ACA,378,Test,0.782608695652174,11
2372,FFI,378,Train,0.22486772486772486,11
2373,FFI,378,Test,0.34782608695652173,11
2374,AMCA,378,Train,0.9973544973544973,11
2375,AMCA,378,Test,0.8695652173913043,11
2376,MCA,378,Train,0.8492063492063492,12
2377,MCA,378,Test,0.9130434782608695,12
2378,ACA,378,Train,0.9682539682539683,12
2379,ACA,378,Test,0.9565217391304348,12
2380,FFI,378,Train,0.2328042328042328,12
2381,FFI,378,Test,0.2608695652173913,12
2382,AMCA,378,Train,0.9973544973544973,12
2383,AMCA,378,Test,1.0,12
2384,MCA,378,Train,0.7513227513227513,13
2385,MCA,378,Test,0.7391304347826086,13
2386,ACA,378,Train,0.9735449735449735,13
2387,ACA,378,Test,0.8260869565217391,13
2388,FFI,378,Train,0.23015873015873015,13
2389,FFI,378,Test,0.2608695652173913,13
2390,AMCA,378,Train,1.0,13
2391,AMCA,378,Test,0.9565217391304348,13
2392,MCA,378,Train,0.7671957671957672,14
2393,MCA,378,Test,0.782608695652174,14
2394,ACA,378,Train,0.9788359788359788,14
2395,ACA,378,Test,0.9130434782608695,14
2396,FFI,378,Train,0.2751322751322751,14
2397,FFI,378,Test,0.2608695652173913,14
2398,AMCA,378,Train,1.0,14
2399,AMCA,378,Test,0.9565217391304348,14
